0,2023-01-19T21:00:00Z,4,21,35.71503486,Rain,2025-06-17 21:22:02.350,2025-06-17 21:16:22.000,False
0,2023-01-09T18:00:00Z,3,15,42.35035526,Snow,2025-06-17 21:22:03.094,2025-06-17 21:16:22.000,False
0,2023-01-27T14:00:00Z,5,23,43.44764187,Clear,2025-06-17 21:22:04.272,2025-06-17 21:16:18.000,False
0,2023-01-07T02:00:00Z,1,23,50.05938788,Snow,2025-06-17 21:22:03.074,2025-06-17 21:16:17.000,False
0,2023-01-09T17:00:00Z,4,32,40.90224411,Fog,2025-06-17 21:22:04.598,2025-06-17 21:16:21.000,False
0,2023-01-04T23:00:00Z,4,12,49.5835492,Rain,2025-06-17 21:22:04.315,2025-06-17 21:16:13.000,False
0,2023-01-25T15:00:00Z,2,21,43.79409608,Clear,2025-06-17 21:22:01.824,2025-06-17 21:16:14.000,False
0,2023-01-07T06:00:00Z,1,20,42.56876683,Clear,2025-06-17 21:22:03.280,2025-06-17 21:16:17.000,False
0,2023-01-13T13:00:00Z,4,25,45.49324542,Clear,2025-06-17 21:22:03.411,2025-06-17 21:16:11.000,False
0,2023-01-29T19:00:00Z,5,23,49.50351924,Snow,2025-06-17 21:22:03.301,2025-06-17 21:16:21.000,False
0,2023-01-17T03:00:00Z,2,26,44.33514665,Fog,2025-06-17 21:22:02.635,2025-06-17 21:16:17.000,False
0,2023-01-27T06:00:00Z,5,24,41.47770019,Rain,2025-06-17 21:22:04.621,2025-06-17 21:16:17.000,False
0,2023-01-14T05:00:00Z,3,16,50.07864438,Fog,2025-06-17 21:22:02.699,2025-06-17 21:16:12.000,False
0,2023-01-18T01:00:00Z,4,21,48.46547164,Fog,2025-06-17 21:22:04.363,2025-06-17 21:16:18.000,False
0,2023-01-11T21:00:00Z,3,17,44.83614283,Rain,2025-06-17 21:22:02.615,2025-06-17 21:16:08.000,False
0,2023-01-05T02:00:00Z,4,21,43.86062112,Rain,2025-06-17 21:22:02.353,2025-06-17 21:16:13.000,False
0,2023-01-15T05:00:00Z,4,23,44.32256231,Fog,2025-06-17 21:22:04.511,2025-06-17 21:16:14.000,False
0,2023-01-15T11:00:00Z,1,28,42.33052962,Fog,2025-06-17 21:22:04.440,2025-06-17 21:16:14.000,False
0,2023-01-08T13:00:00Z,2,24,35.96965127,Fog,2025-06-17 21:22:03.325,2025-06-17 21:16:19.000,False
0,2023-01-06T16:00:00Z,1,17,33.19108731,Snow,2025-06-17 21:22:03.562,2025-06-17 21:16:16.000,False
0,2023-01-18T09:00:00Z,1,20,51.80410611,Snow,2025-06-17 21:22:03.995,2025-06-17 21:16:19.000,False
0,2023-01-10T02:00:00Z,3,26,46.4154122,Fog,2025-06-17 21:22:02.755,2025-06-17 21:16:22.000,False
1,2023-01-24T09:00:00Z,1,14,47.27172805,Rain,2025-06-17 21:22:01.669,2025-06-17 21:16:12.000,False
0,2023-01-19T22:00:00Z,5,9,47.16090855,Snow,2025-06-17 21:22:03.876,2025-06-17 21:16:22.000,False
0,2023-01-18T22:00:00Z,2,21,43.46763008,Snow,2025-06-17 21:22:01.800,2025-06-17 21:16:20.000,False
1,2023-01-01T18:00:00Z,3,22,45.97950834,Clear,2025-06-17 21:22:01.662,2025-06-17 21:16:07.000,False
0,2023-01-20T18:00:00Z,3,26,41.03777069,Clear,2025-06-17 21:22:02.967,2025-06-17 21:16:06.000,False
0,2023-01-06T10:00:00Z,1,13,53.72709358,Snow,2025-06-17 21:22:03.813,2025-06-17 21:16:16.000,False
0,2023-01-01T06:00:00Z,2,29,41.06976698,Clear,2025-06-17 21:22:03.998,2025-06-17 21:16:07.000,False
0,2023-01-08T14:00:00Z,4,25,45.42543215,Rain,2025-06-17 21:22:04.756,2025-06-17 21:16:19.000,False
1,2023-01-24T14:00:00Z,4,32,41.40868075,Fog,2025-06-17 21:22:01.709,2025-06-17 21:16:13.000,False
0,2023-01-28T23:00:00Z,2,22,46.13686331,Snow,2025-06-17 21:22:04.219,2025-06-17 21:16:20.000,False
0,2023-01-12T05:00:00Z,4,22,44.02686352,Fog,2025-06-17 21:22:02.276,2025-06-17 21:16:08.000,False
0,2023-01-15T03:00:00Z,4,18,43.94576864,Snow,2025-06-17 21:22:04.792,2025-06-17 21:16:13.000,False
1,2023-01-24T22:00:00Z,3,27,46.03903198,Rain,2025-06-17 21:22:01.683,2025-06-17 21:16:13.000,False
0,2023-01-22T03:00:00Z,4,21,46.26949355,Snow,2025-06-17 21:22:02.995,2025-06-17 21:16:09.000,False
0,2023-01-12T14:00:00Z,5,18,44.85717149,Fog,2025-06-17 21:22:03.101,2025-06-17 21:16:09.000,False
0,2023-01-10T00:00:00Z,1,20,45.19565156,Clear,2025-06-17 21:22:02.833,2025-06-17 21:16:22.000,False
0,2023-01-07T10:00:00Z,5,23,44.73044525,Clear,2025-06-17 21:22:02.756,2025-06-17 21:16:17.000,False
0,2023-01-28T22:00:00Z,4,23,42.25136313,Snow,2025-06-17 21:22:02.826,2025-06-17 21:16:20.000,False
0,2023-01-24T02:00:00Z,1,15,39.0549252,Clear,2025-06-17 21:22:02.218,2025-06-17 21:16:12.000,False
0,2023-01-13T03:00:00Z,4,20,47.5568141,Fog,2025-06-17 21:22:04.081,2025-06-17 21:16:10.000,False
0,2023-01-26T17:00:00Z,5,19,44.46788653,Clear,2025-06-17 21:22:03.571,2025-06-17 21:16:16.000,False
0,2023-01-02T09:00:00Z,1,19,41.61194536,Snow,2025-06-17 21:22:03.847,2025-06-17 21:16:09.000,False
0,2023-01-17T17:00:00Z,5,15,53.49937868,Rain,2025-06-17 21:22:04.752,2025-06-17 21:16:18.000,False
0,2023-01-23T20:00:00Z,3,14,47.15804095,Fog,2025-06-17 21:22:02.315,2025-06-17 21:16:12.000,False
0,2023-01-01T23:00:00Z,4,16,47.67112879,Snow,2025-06-17 21:22:04.659,2025-06-17 21:16:08.000,False
0,2023-01-02T05:00:00Z,3,22,51.47644003,Rain,2025-06-17 21:22:04.386,2025-06-17 21:16:08.000,False
0,2023-01-08T16:00:00Z,1,17,42.63074061,Fog,2025-06-17 21:22:04.276,2025-06-17 21:16:20.000,False
0,2023-01-22T02:00:00Z,5,19,49.06760016,Snow,2025-06-17 21:22:04.479,2025-06-17 21:16:09.000,False
0,2023-01-16T14:00:00Z,5,21,49.84479307,Rain,2025-06-17 21:22:04.581,2025-06-17 21:16:16.000,False
0,2023-01-12T02:00:00Z,4,18,43.48082281,Rain,2025-06-17 21:22:03.490,2025-06-17 21:16:08.000,False
0,2023-01-29T02:00:00Z,4,15,43.33914361,Rain,2025-06-17 21:22:02.657,2025-06-17 21:16:20.000,False
0,2023-01-27T18:00:00Z,5,18,41.50339203,Clear,2025-06-17 21:22:04.095,2025-06-17 21:16:18.000,False
0,2023-01-25T05:00:00Z,5,30,46.12019467,Fog,2025-06-17 21:22:02.277,2025-06-17 21:16:14.000,False
0,2023-01-01T11:00:00Z,4,23,36.59175058,Snow,2025-06-17 21:22:01.759,2025-06-17 21:16:07.000,False
0,2023-01-25T04:00:00Z,5,19,47.28844358,Snow,2025-06-17 21:22:03.799,2025-06-17 21:16:14.000,False
0,2023-01-08T17:00:00Z,1,16,39.97544225,Fog,2025-06-17 21:22:02.769,2025-06-17 21:16:20.000,False
0,2023-01-28T05:00:00Z,1,16,55.68185791,Rain,2025-06-17 21:22:01.764,2025-06-17 21:16:19.000,False
0,2023-01-26T07:00:00Z,4,19,48.04284095,Snow,2025-06-17 21:22:04.217,2025-06-17 21:16:15.000,False
0,2023-01-27T12:00:00Z,5,24,47.33317066,Fog,2025-06-17 21:22:04.186,2025-06-17 21:16:17.000,False
0,2023-01-09T08:00:00Z,4,21,42.73745981,Clear,2025-06-17 21:22:03.578,2025-06-17 21:16:21.000,False
0,2023-01-04T11:00:00Z,3,22,40.97573489,Rain,2025-06-17 21:22:04.467,2025-06-17 21:16:12.000,False
0,2023-01-11T05:00:00Z,2,16,47.65750335,Clear,2025-06-17 21:22:03.357,2025-06-17 21:16:07.000,False
0,2023-01-28T10:00:00Z,1,13,45.38339326,Clear,2025-06-17 21:22:03.333,2025-06-17 21:16:19.000,False
0,2023-01-22T12:00:00Z,3,11,44.78757896,Snow,2025-06-17 21:22:03.781,2025-06-17 21:16:09.000,False
0,2023-01-22T17:00:00Z,4,17,45.66681549,Snow,2025-06-17 21:22:02.176,2025-06-17 21:16:10.000,False
0,2023-01-24T23:00:00Z,1,21,44.35804255,Clear,2025-06-17 21:22:02.734,2025-06-17 21:16:13.000,False
0,2023-01-25T17:00:00Z,3,17,43.89181594,Clear,2025-06-17 21:22:04.665,2025-06-17 21:16:15.000,False
0,2023-01-27T03:00:00Z,4,23,43.300184,Rain,2025-06-17 21:22:03.296,2025-06-17 21:16:17.000,False
0,2023-01-18T12:00:00Z,1,22,56.61783329,Snow,2025-06-17 21:22:02.298,2025-06-17 21:16:19.000,False
0,2023-01-25T21:00:00Z,5,26,39.53912396,Rain,2025-06-17 21:22:04.462,2025-06-17 21:16:15.000,False
0,2023-01-16T01:00:00Z,3,21,49.83052133,Snow,2025-06-17 21:22:03.605,2025-06-17 21:16:15.000,False
0,2023-01-17T15:00:00Z,2,14,51.19932897,Snow,2025-06-17 21:22:02.065,2025-06-17 21:16:18.000,False
0,2023-01-15T12:00:00Z,1,31,36.35166897,Fog,2025-06-17 21:22:02.671,2025-06-17 21:16:14.000,False
0,2023-01-27T17:00:00Z,5,14,40.6553217,Clear,2025-06-17 21:22:02.478,2025-06-17 21:16:18.000,False
0,2023-01-01T22:00:00Z,3,20,54.56540058,Clear,2025-06-17 21:22:03.247,2025-06-17 21:16:08.000,False
0,2023-01-03T22:00:00Z,1,22,45.71783738,Fog,2025-06-17 21:22:03.994,2025-06-17 21:16:11.000,False
0,2023-01-29T10:00:00Z,4,20,52.57083765,Clear,2025-06-17 21:22:02.256,2025-06-17 21:16:21.000,False
0,2023-01-06T21:00:00Z,1,19,41.16650698,Clear,2025-06-17 21:22:02.229,2025-06-17 21:16:16.000,False
0,2023-01-02T06:00:00Z,2,19,42.0023881,Rain,2025-06-17 21:22:02.917,2025-06-17 21:16:08.000,False
0,2023-01-13T09:00:00Z,1,26,36.62159101,Snow,2025-06-17 21:22:03.612,2025-06-17 21:16:10.000,False
0,2023-01-27T20:00:00Z,3,13,38.53636405,Fog,2025-06-17 21:22:03.821,2025-06-17 21:16:18.000,False
0,2023-01-03T04:00:00Z,4,26,48.18657731,Rain,2025-06-17 21:22:04.802,2025-06-17 21:16:10.000,False
0,2023-01-16T12:00:00Z,5,20,52.60909659,Clear,2025-06-17 21:22:04.489,2025-06-17 21:16:16.000,False
0,2023-01-20T08:00:00Z,1,20,49.20921824,Rain,2025-06-17 21:22:03.236,2025-06-17 21:16:22.000,False
0,2023-01-16T04:00:00Z,5,19,53.16819685,Fog,2025-06-17 21:22:01.801,2025-06-17 21:16:15.000,False
0,2023-01-22T06:00:00Z,1,25,43.6302616,Clear,2025-06-17 21:22:04.246,2025-06-17 21:16:09.000,False
0,2023-01-21T12:00:00Z,2,15,42.08038409,Rain,2025-06-17 21:22:01.833,2025-06-17 21:16:08.000,False
0,2023-01-26T20:00:00Z,2,20,44.08535391,Fog,2025-06-17 21:22:01.804,2025-06-17 21:16:16.000,False
0,2023-01-14T07:00:00Z,4,19,41.67732997,Snow,2025-06-17 21:22:02.801,2025-06-17 21:16:12.000,False
0,2023-01-16T00:00:00Z,3,16,35.34455778,Snow,2025-06-17 21:22:02.099,2025-06-17 21:16:15.000,False
0,2023-01-14T01:00:00Z,4,25,49.68280433,Snow,2025-06-17 21:22:02.874,2025-06-17 21:16:12.000,False
0,2023-01-17T16:00:00Z,5,21,48.95314628,Fog,2025-06-17 21:22:03.204,2025-06-17 21:16:18.000,False
0,2023-01-24T07:00:00Z,4,19,37.26973043,Snow,2025-06-17 21:22:03.592,2025-06-17 21:16:12.000,False
0,2023-01-06T06:00:00Z,1,18,44.6595252,Rain,2025-06-17 21:22:04.375,2025-06-17 21:16:15.000,False
0,2023-01-05T18:00:00Z,5,21,49.18592626,Rain,2025-06-17 21:22:04.541,2025-06-17 21:16:14.000,False
0,2023-01-14T11:00:00Z,5,16,40.20341847,Fog,2025-06-17 21:22:02.623,2025-06-17 21:16:12.000,False
0,2023-01-18T07:00:00Z,5,23,44.97883676,Clear,2025-06-17 21:22:04.278,2025-06-17 21:16:19.000,False
0,2023-01-04T20:00:00Z,4,25,47.4874561,Fog,2025-06-17 21:22:02.976,2025-06-17 21:16:13.000,False
0,2023-01-12T18:00:00Z,4,21,47.87420142,Clear,2025-06-17 21:22:02.962,2025-06-17 21:16:09.000,False
0,2023-01-29T22:00:00Z,5,21,49.23160781,Rain,2025-06-17 21:22:04.627,2025-06-17 21:16:21.000,False
0,2023-01-17T11:00:00Z,1,24,44.97613675,Rain,2025-06-17 21:22:02.246,2025-06-17 21:16:17.000,False
0,2023-01-21T22:00:00Z,1,17,46.10652561,Clear,2025-06-17 21:22:04.592,2025-06-17 21:16:08.000,False
1,2023-01-17T20:00:00Z,1,26,44.72345074,Fog,2025-06-17 21:22:01.639,2025-06-17 21:16:18.000,False
0,2023-01-14T22:00:00Z,3,23,39.07123642,Clear,2025-06-17 21:22:03.466,2025-06-17 21:16:13.000,False
0,2023-01-13T16:00:00Z,2,11,44.58325621,Clear,2025-06-17 21:22:04.659,2025-06-17 21:16:11.000,False
0,2023-01-05T21:00:00Z,4,19,60.60770438,Fog,2025-06-17 21:22:03.321,2025-06-17 21:16:15.000,False
1,2023-01-18T02:00:00Z,4,20,42.30473555,Clear,2025-06-17 21:22:01.710,2025-06-17 21:16:18.000,False
0,2023-01-20T21:00:00Z,3,22,44.30921182,Fog,2025-06-17 21:22:04.184,2025-06-17 21:16:07.000,False
0,2023-01-04T10:00:00Z,4,23,41.57774523,Fog,2025-06-17 21:22:03.084,2025-06-17 21:16:12.000,False
0,2023-01-19T01:00:00Z,5,19,50.2923789,Clear,2025-06-17 21:22:03.272,2025-06-17 21:16:20.000,False
0,2023-01-14T14:00:00Z,5,16,35.65543243,Clear,2025-06-17 21:22:03.843,2025-06-17 21:16:13.000,False
0,2023-01-21T09:00:00Z,5,16,54.82358099,Fog,2025-06-17 21:22:03.628,2025-06-17 21:16:08.000,False
0,2023-01-28T07:00:00Z,4,27,40.16264945,Fog,2025-06-17 21:22:01.845,2025-06-17 21:16:19.000,False
0,2023-01-17T07:00:00Z,3,18,49.62422374,Snow,2025-06-17 21:22:02.478,2025-06-17 21:16:17.000,False
0,2023-01-04T22:00:00Z,4,24,47.66521949,Clear,2025-06-17 21:22:02.890,2025-06-17 21:16:13.000,False
0,2023-01-06T04:00:00Z,2,23,41.23108093,Clear,2025-06-17 21:22:04.449,2025-06-17 21:16:15.000,False
0,2023-01-23T15:00:00Z,5,22,47.40625161,Rain,2025-06-17 21:22:04.303,2025-06-17 21:16:11.000,False
0,2023-01-28T03:00:00Z,4,21,42.62069014,Clear,2025-06-17 21:22:02.200,2025-06-17 21:16:18.000,False
0,2023-01-14T18:00:00Z,1,19,39.76418087,Clear,2025-06-17 21:22:03.658,2025-06-17 21:16:13.000,False
0,2023-01-11T19:00:00Z,2,26,48.64902431,Clear,2025-06-17 21:22:02.351,2025-06-17 21:16:08.000,False
0,2023-01-01T16:00:00Z,4,20,56.91823984,Clear,2025-06-17 21:22:03.164,2025-06-17 21:16:07.000,False
0,2023-01-13T10:00:00Z,4,17,46.69453659,Fog,2025-06-17 21:22:02.192,2025-06-17 21:16:11.000,False
0,2023-01-26T22:00:00Z,3,26,45.02209945,Snow,2025-06-17 21:22:02.054,2025-06-17 21:16:17.000,False
0,2023-01-27T08:00:00Z,3,23,48.88805498,Rain,2025-06-17 21:22:04.351,2025-06-17 21:16:17.000,False
0,2023-01-29T21:00:00Z,3,26,31.60893271,Snow,2025-06-17 21:22:03.036,2025-06-17 21:16:21.000,False
1,2023-01-25T08:00:00Z,3,18,51.93431335,Clear,2025-06-17 21:22:01.660,2025-06-17 21:16:14.000,False
0,2023-01-21T06:00:00Z,5,16,45.22204489,Rain,2025-06-17 21:22:02.409,2025-06-17 21:16:07.000,False
0,2023-01-20T17:00:00Z,1,12,51.25790996,Snow,2025-06-17 21:22:04.378,2025-06-17 21:16:06.000,False
0,2023-01-24T12:00:00Z,4,27,39.6947512,Fog,2025-06-17 21:22:04.503,2025-06-17 21:16:13.000,False
0,2023-01-29T23:00:00Z,4,18,50.77870263,Fog,2025-06-17 21:22:03.115,2025-06-17 21:16:21.000,False
0,2023-01-29T17:00:00Z,5,18,38.31178198,Fog,2025-06-17 21:22:03.207,2025-06-17 21:16:21.000,False
0,2023-01-05T19:00:00Z,2,17,40.60068363,Snow,2025-06-17 21:22:03.033,2025-06-17 21:16:15.000,False
0,2023-01-24T20:00:00Z,4,15,45.26226474,Fog,2025-06-17 21:22:04.159,2025-06-17 21:16:13.000,False
0,2023-01-23T07:00:00Z,1,18,38.07764266,Fog,2025-06-17 21:22:04.660,2025-06-17 21:16:11.000,False
0,2023-01-23T16:00:00Z,5,15,46.06450512,Fog,2025-06-17 21:22:02.513,2025-06-17 21:16:11.000,False
0,2023-01-01T05:00:00Z,5,20,46.24305622,Fog,2025-06-17 21:22:02.582,2025-06-17 21:16:06.000,False
1,2023-01-11T14:00:00Z,4,26,49.32197863,Fog,2025-06-17 21:22:01.759,2025-06-17 21:16:07.000,False
0,2023-01-05T17:00:00Z,5,14,50.03541733,Rain,2025-06-17 21:22:03.120,2025-06-17 21:16:14.000,False
0,2023-01-10T01:00:00Z,5,19,35.03781468,Snow,2025-06-17 21:22:04.255,2025-06-17 21:16:22.000,False
0,2023-01-24T06:00:00Z,2,16,45.68393682,Rain,2025-06-17 21:22:02.040,2025-06-17 21:16:12.000,False
1,2023-01-24T16:00:00Z,3,20,31.65487194,Rain,2025-06-17 21:22:01.662,2025-06-17 21:16:13.000,False
0,2023-01-29T14:00:00Z,2,21,45.03414378,Rain,2025-06-17 21:22:02.075,2025-06-17 21:16:21.000,False
0,2023-01-11T11:00:00Z,4,23,45.6342001,Clear,2025-06-17 21:22:02.688,2025-06-17 21:16:07.000,False
0,2023-01-02T03:00:00Z,1,21,43.37084095,Snow,2025-06-17 21:22:04.134,2025-06-17 21:16:08.000,False
1,2023-01-07T18:00:00Z,3,21,51.79891041,Fog,2025-06-17 21:22:01.723,2025-06-17 21:16:18.000,False
0,2023-01-28T17:00:00Z,4,31,37.94810067,Rain,2025-06-17 21:22:04.306,2025-06-17 21:16:19.000,False
0,2023-01-05T22:00:00Z,4,20,49.77454018,Snow,2025-06-17 21:22:04.756,2025-06-17 21:16:15.000,False
0,2023-01-22T19:00:00Z,2,12,44.3335699,Rain,2025-06-17 21:22:02.272,2025-06-17 21:16:10.000,False
0,2023-01-14T06:00:00Z,1,18,42.07692128,Clear,2025-06-17 21:22:04.208,2025-06-17 21:16:12.000,False
0,2023-01-22T01:00:00Z,4,19,41.14826983,Clear,2025-06-17 21:22:02.992,2025-06-17 21:16:09.000,False
0,2023-01-21T02:00:00Z,1,21,49.93220826,Rain,2025-06-17 21:22:02.598,2025-06-17 21:16:07.000,False
0,2023-01-21T10:00:00Z,1,8,48.04980078,Fog,2025-06-17 21:22:02.213,2025-06-17 21:16:08.000,False
0,2023-01-14T10:00:00Z,3,18,50.7081916,Clear,2025-06-17 21:22:04.025,2025-06-17 21:16:12.000,False
0,2023-01-04T01:00:00Z,3,22,55.15658969,Rain,2025-06-17 21:22:01.794,2025-06-17 21:16:11.000,False
0,2023-01-16T15:00:00Z,2,27,48.38160268,Rain,2025-06-17 21:22:03.277,2025-06-17 21:16:16.000,False
0,2023-01-23T04:00:00Z,4,23,49.36465774,Clear,2025-06-17 21:22:03.059,2025-06-17 21:16:10.000,False
0,2023-01-20T19:00:00Z,1,25,45.54228442,Clear,2025-06-17 21:22:04.473,2025-06-17 21:16:07.000,False
0,2023-01-09T05:00:00Z,5,18,40.15115269,Fog,2025-06-17 21:22:02.612,2025-06-17 21:16:21.000,False
0,2023-01-15T17:00:00Z,4,8,51.9920107,Clear,2025-06-17 21:22:03.999,2025-06-17 21:16:14.000,False
0,2023-01-03T17:00:00Z,1,16,49.12847767,Snow,2025-06-17 21:22:02.385,2025-06-17 21:16:11.000,False
0,2023-01-11T07:00:00Z,5,25,31.30888175,Rain,2025-06-17 21:22:03.244,2025-06-17 21:16:07.000,False
0,2023-01-14T15:00:00Z,4,16,52.69571323,Fog,2025-06-17 21:22:02.426,2025-06-17 21:16:13.000,False
0,2023-01-07T05:00:00Z,4,18,45.00335695,Rain,2025-06-17 21:22:04.775,2025-06-17 21:16:17.000,False
0,2023-01-26T18:00:00Z,3,28,39.07293238,Fog,2025-06-17 21:22:02.237,2025-06-17 21:16:16.000,False
0,2023-01-28T19:00:00Z,2,19,50.90482611,Fog,2025-06-17 21:22:04.414,2025-06-17 21:16:20.000,False
0,2023-01-16T08:00:00Z,5,22,43.3751718,Rain,2025-06-17 21:22:04.675,2025-06-17 21:16:15.000,False
1,2023-01-13T11:00:00Z,2,20,39.2625635,Fog,2025-06-17 21:22:01.689,2025-06-17 21:16:11.000,False
0,2023-01-01T02:00:00Z,1,23,42.58973598,Fog,2025-06-17 21:22:03.796,2025-06-17 21:16:06.000,False
0,2023-01-03T14:00:00Z,2,22,47.16890176,Snow,2025-06-17 21:22:04.348,2025-06-17 21:16:11.000,False
0,2023-01-08T21:00:00Z,4,23,45.13781476,Fog,2025-06-17 21:22:02.983,2025-06-17 21:16:20.000,False
0,2023-01-12T19:00:00Z,4,17,49.54385298,Clear,2025-06-17 21:22:04.423,2025-06-17 21:16:09.000,False
0,2023-01-26T01:00:00Z,3,26,50.76137053,Clear,2025-06-17 21:22:04.294,2025-06-17 21:16:15.000,False
0,2023-01-22T11:00:00Z,2,17,43.80887738,Snow,2025-06-17 21:22:02.678,2025-06-17 21:16:09.000,False
0,2023-01-25T11:00:00Z,3,13,39.60851121,Clear,2025-06-17 21:22:02.196,2025-06-17 21:16:14.000,False
0,2023-01-24T15:00:00Z,4,25,40.53660502,Fog,2025-06-17 21:22:03.200,2025-06-17 21:16:13.000,False
0,2023-01-05T10:00:00Z,3,18,43.25573408,Clear,2025-06-17 21:22:01.844,2025-06-17 21:16:14.000,False
0,2023-01-26T04:00:00Z,3,22,50.89757664,Fog,2025-06-17 21:22:02.689,2025-06-17 21:16:15.000,False
0,2023-01-18T23:00:00Z,3,14,44.76883511,Rain,2025-06-17 21:22:03.591,2025-06-17 21:16:20.000,False
0,2023-01-10T04:00:00Z,4,12,44.933503,Fog,2025-06-17 21:22:03.009,2025-06-17 21:16:22.000,False
0,2023-01-12T13:00:00Z,4,17,42.89082513,Fog,2025-06-17 21:22:04.549,2025-06-17 21:16:09.000,False
0,2023-01-08T06:00:00Z,2,27,54.00306639,Rain,2025-06-17 21:22:02.194,2025-06-17 21:16:19.000,False
0,2023-01-29T12:00:00Z,3,18,40.34532534,Clear,2025-06-17 21:22:01.819,2025-06-17 21:16:21.000,False
1,2023-01-01T01:00:00Z,3,18,45.55496672,Fog,2025-06-17 21:22:01.665,2025-06-17 21:16:06.000,False
0,2023-01-17T18:00:00Z,4,17,41.49864541,Rain,2025-06-17 21:22:03.317,2025-06-17 21:16:18.000,False
0,2023-01-11T20:00:00Z,2,13,39.3508586,Rain,2025-06-17 21:22:04.133,2025-06-17 21:16:08.000,False
0,2023-01-25T18:00:00Z,3,19,41.09426346,Clear,2025-06-17 21:22:03.340,2025-06-17 21:16:15.000,False
0,2023-01-23T03:00:00Z,3,25,42.13036159,Clear,2025-06-17 21:22:04.814,2025-06-17 21:16:10.000,False
0,2023-01-08T11:00:00Z,5,28,41.86522183,Snow,2025-06-17 21:22:03.081,2025-06-17 21:16:19.000,False
0,2023-01-26T02:00:00Z,4,26,42.37542818,Snow,2025-06-17 21:22:02.999,2025-06-17 21:16:15.000,False
0,2023-01-27T04:00:00Z,5,16,38.201166,Clear,2025-06-17 21:22:04.518,2025-06-17 21:16:17.000,False
0,2023-01-03T23:00:00Z,3,19,39.35701848,Snow,2025-06-17 21:22:02.458,2025-06-17 21:16:11.000,False
0,2023-01-13T04:00:00Z,1,18,43.95414062,Fog,2025-06-17 21:22:02.279,2025-06-17 21:16:10.000,False
1,2023-01-01T04:00:00Z,2,24,43.52751327,Rain,2025-06-17 21:22:01.678,2025-06-17 21:16:06.000,False
0,2023-01-03T05:00:00Z,3,18,37.17154108,Snow,2025-06-17 21:22:03.287,2025-06-17 21:16:10.000,False
0,2023-01-06T22:00:00Z,1,16,39.9304759,Rain,2025-06-17 21:22:03.617,2025-06-17 21:16:16.000,False
0,2023-01-22T13:00:00Z,1,16,51.64541532,Rain,2025-06-17 21:22:02.366,2025-06-17 21:16:09.000,False
0,2023-01-03T01:00:00Z,4,14,47.5446571,Snow,2025-06-17 21:22:03.103,2025-06-17 21:16:10.000,False
0,2023-01-05T07:00:00Z,2,13,34.30457176,Rain,2025-06-17 21:22:03.977,2025-06-17 21:16:14.000,False
0,2023-01-12T07:00:00Z,5,18,47.80049473,Fog,2025-06-17 21:22:02.139,2025-06-17 21:16:09.000,False
0,2023-01-11T06:00:00Z,3,15,41.17820607,Rain,2025-06-17 21:22:04.758,2025-06-17 21:16:07.000,False
0,2023-01-26T11:00:00Z,5,25,41.28423867,Rain,2025-06-17 21:22:04.030,2025-06-17 21:16:16.000,False
0,2023-01-11T16:00:00Z,3,15,43.987242,Clear,2025-06-17 21:22:03.956,2025-06-17 21:16:08.000,False
0,2023-01-08T10:00:00Z,5,23,40.905267,Clear,2025-06-17 21:22:04.578,2025-06-17 21:16:19.000,False
0,2023-01-21T14:00:00Z,3,12,41.92872197,Clear,2025-06-17 21:22:01.814,2025-06-17 21:16:08.000,False
0,2023-01-18T08:00:00Z,5,25,45.68264046,Snow,2025-06-17 21:22:02.476,2025-06-17 21:16:19.000,False
0,2023-01-13T20:00:00Z,4,21,40.85374601,Clear,2025-06-17 21:22:04.475,2025-06-17 21:16:11.000,False
0,2023-01-20T22:00:00Z,1,18,43.29315459,Clear,2025-06-17 21:22:02.769,2025-06-17 21:16:07.000,False
0,2023-01-06T01:00:00Z,3,13,49.26799729,Snow,2025-06-17 21:22:02.745,2025-06-17 21:16:15.000,False
0,2023-01-03T12:00:00Z,4,21,39.40068968,Rain,2025-06-17 21:22:04.446,2025-06-17 21:16:10.000,False
0,2023-01-04T19:00:00Z,5,23,47.85013268,Fog,2025-06-17 21:22:04.129,2025-06-17 21:16:13.000,False
0,2023-01-10T15:00:00Z,1,23,43.56784143,Clear,2025-06-17 21:22:03.981,2025-06-17 21:16:23.000,False
0,2023-01-04T03:00:00Z,4,12,44.23884125,Rain,2025-06-17 21:22:01.764,2025-06-17 21:16:12.000,False
0,2023-01-02T15:00:00Z,4,21,41.26724032,Fog,2025-06-17 21:22:03.935,2025-06-17 21:16:09.000,False
0,2023-01-27T07:00:00Z,2,29,37.31773046,Fog,2025-06-17 21:22:03.121,2025-06-17 21:16:17.000,False
0,2023-01-03T00:00:00Z,3,23,51.83057623,Rain,2025-06-17 21:22:04.606,2025-06-17 21:16:10.000,False
0,2023-01-28T08:00:00Z,2,21,54.92084978,Fog,2025-06-17 21:22:03.252,2025-06-17 21:16:19.000,False
0,2023-01-15T16:00:00Z,3,22,51.38118949,Snow,2025-06-17 21:22:02.479,2025-06-17 21:16:14.000,False
0,2023-01-24T05:00:00Z,3,22,47.17538579,Fog,2025-06-17 21:22:03.457,2025-06-17 21:16:12.000,False
0,2023-01-11T22:00:00Z,4,24,45.48217493,Snow,2025-06-17 21:22:04.019,2025-06-17 21:16:08.000,False
0,2023-01-02T01:00:00Z,1,18,43.04616558,Rain,2025-06-17 21:22:04.240,2025-06-17 21:16:08.000,False
0,2023-01-10T05:00:00Z,5,19,43.6940273,Rain,2025-06-17 21:22:04.428,2025-06-17 21:16:22.000,False
0,2023-01-12T17:00:00Z,4,23,54.62279738,Fog,2025-06-17 21:22:04.340,2025-06-17 21:16:09.000,False
0,2023-01-22T05:00:00Z,1,19,51.94289445,Fog,2025-06-17 21:22:02.723,2025-06-17 21:16:09.000,False
0,2023-01-28T06:00:00Z,5,28,40.67929539,Fog,2025-06-17 21:22:03.558,2025-06-17 21:16:19.000,False
1,2023-01-01T03:00:00Z,1,27,43.33944719,Clear,2025-06-17 21:22:01.630,2025-06-17 21:16:06.000,False
0,2023-01-03T13:00:00Z,1,18,44.02149847,Clear,2025-06-17 21:22:02.975,2025-06-17 21:16:11.000,False
0,2023-01-13T08:00:00Z,3,22,44.61494891,Fog,2025-06-17 21:22:02.114,2025-06-17 21:16:10.000,False
0,2023-01-18T17:00:00Z,5,16,45.68693717,Rain,2025-06-17 21:22:03.620,2025-06-17 21:16:20.000,False
0,2023-01-22T14:00:00Z,4,23,38.28771585,Snow,2025-06-17 21:22:03.874,2025-06-17 21:16:09.000,False
0,2023-01-25T02:00:00Z,1,23,42.4725658,Clear,2025-06-17 21:22:04.091,2025-06-17 21:16:14.000,False
0,2023-01-04T21:00:00Z,2,11,36.60461174,Fog,2025-06-17 21:22:04.398,2025-06-17 21:16:13.000,False
0,2023-01-02T19:00:00Z,3,19,43.18211117,Rain,2025-06-17 21:22:03.382,2025-06-17 21:16:09.000,False
0,2023-01-02T16:00:00Z,5,18,47.30672296,Clear,2025-06-17 21:22:02.044,2025-06-17 21:16:09.000,False
0,2023-01-23T21:00:00Z,3,27,49.9832487,Snow,2025-06-17 21:22:03.835,2025-06-17 21:16:12.000,False
0,2023-01-19T07:00:00Z,4,24,41.64649146,Fog,2025-06-17 21:22:03.182,2025-06-17 21:16:21.000,False
0,2023-01-29T18:00:00Z,5,16,51.33638653,Snow,2025-06-17 21:22:04.800,2025-06-17 21:16:21.000,False
0,2023-01-09T14:00:00Z,1,20,43.38136891,Fog,2025-06-17 21:22:03.624,2025-06-17 21:16:21.000,False
0,2023-01-23T14:00:00Z,1,15,43.89630188,Snow,2025-06-17 21:22:02.795,2025-06-17 21:16:11.000,False
0,2023-01-28T15:00:00Z,2,23,47.40564717,Rain,2025-06-17 21:22:04.580,2025-06-17 21:16:19.000,False
0,2023-01-12T21:00:00Z,4,17,47.74350315,Fog,2025-06-17 21:22:04.162,2025-06-17 21:16:10.000,False
0,2023-01-06T20:00:00Z,4,16,47.66085478,Snow,2025-06-17 21:22:03.743,2025-06-17 21:16:16.000,False
0,2023-01-27T01:00:00Z,1,26,45.89670366,Clear,2025-06-17 21:22:03.196,2025-06-17 21:16:17.000,False
0,2023-01-01T20:00:00Z,2,19,55.40659032,Rain,2025-06-17 21:22:03.324,2025-06-17 21:16:08.000,False
0,2023-01-24T00:00:00Z,1,17,46.64113319,Snow,2025-06-17 21:22:02.139,2025-06-17 21:16:12.000,False
0,2023-01-22T22:00:00Z,5,18,35.7203756,Fog,2025-06-17 21:22:03.496,2025-06-17 21:16:10.000,False
0,2023-01-18T20:00:00Z,2,23,45.95385429,Snow,2025-06-17 21:22:01.831,2025-06-17 21:16:20.000,False
0,2023-01-04T13:00:00Z,4,19,51.13449867,Clear,2025-06-17 21:22:04.768,2025-06-17 21:16:12.000,False
0,2023-01-05T13:00:00Z,4,15,39.59262114,Snow,2025-06-17 21:22:03.682,2025-06-17 21:16:14.000,False
0,2023-01-29T06:00:00Z,1,22,47.4880724,Snow,2025-06-17 21:22:02.480,2025-06-17 21:16:20.000,False
0,2023-01-24T17:00:00Z,4,22,42.44005275,Clear,2025-06-17 21:22:02.842,2025-06-17 21:16:13.000,False
0,2023-01-25T14:00:00Z,2,24,42.94403628,Clear,2025-06-17 21:22:03.515,2025-06-17 21:16:14.000,False
0,2023-01-11T10:00:00Z,5,15,52.38316794,Rain,2025-06-17 21:22:04.199,2025-06-17 21:16:07.000,False
0,2023-01-19T23:00:00Z,3,22,40.9925138,Snow,2025-06-17 21:22:02.481,2025-06-17 21:16:22.000,False
0,2023-01-16T18:00:00Z,3,25,44.6353138,Clear,2025-06-17 21:22:04.409,2025-06-17 21:16:16.000,False
0,2023-01-16T22:00:00Z,1,15,45.05290586,Clear,2025-06-17 21:22:04.220,2025-06-17 21:16:17.000,False
0,2023-01-07T09:00:00Z,2,13,43.996323,Rain,2025-06-17 21:22:04.230,2025-06-17 21:16:17.000,False
0,2023-01-13T01:00:00Z,5,27,39.55647859,Snow,2025-06-17 21:22:03.972,2025-06-17 21:16:10.000,False
0,2023-01-27T02:00:00Z,1,22,46.32250439,Fog,2025-06-17 21:22:04.788,2025-06-17 21:16:17.000,False
0,2023-01-01T09:00:00Z,5,21,48.56829637,Rain,2025-06-17 21:22:01.862,2025-06-17 21:16:07.000,False
0,2023-01-19T08:00:00Z,5,23,43.11362275,Snow,2025-06-17 21:22:04.317,2025-06-17 21:16:21.000,False
0,2023-01-14T20:00:00Z,1,25,43.9987004,Fog,2025-06-17 21:22:03.386,2025-06-17 21:16:13.000,False
0,2023-01-07T11:00:00Z,1,16,48.54805344,Rain,2025-06-17 21:22:04.152,2025-06-17 21:16:17.000,False
0,2023-01-02T23:00:00Z,2,22,49.05053363,Rain,2025-06-17 21:22:03.563,2025-06-17 21:16:10.000,False
0,2023-01-14T23:00:00Z,1,23,45.65714389,Fog,2025-06-17 21:22:02.068,2025-06-17 21:16:13.000,False
0,2023-01-06T18:00:00Z,2,21,51.41630128,Rain,2025-06-17 21:22:03.436,2025-06-17 21:16:16.000,False
0,2023-01-03T08:00:00Z,4,29,45.55759548,Clear,2025-06-17 21:22:04.284,2025-06-17 21:16:10.000,False
0,2023-01-23T18:00:00Z,5,15,42.68199116,Fog,2025-06-17 21:22:02.622,2025-06-17 21:16:11.000,False
0,2023-01-24T01:00:00Z,1,21,42.07772528,Rain,2025-06-17 21:22:03.640,2025-06-17 21:16:12.000,False
0,2023-01-19T17:00:00Z,1,19,46.28445275,Snow,2025-06-17 21:22:02.536,2025-06-17 21:16:21.000,False
0,2023-01-25T03:00:00Z,3,22,47.85399759,Fog,2025-06-17 21:22:02.582,2025-06-17 21:16:14.000,False
0,2023-01-01T14:00:00Z,5,21,46.03752989,Rain,2025-06-17 21:22:03.600,2025-06-17 21:16:07.000,False
1,2023-01-07T16:00:00Z,4,26,48.69984611,Rain,2025-06-17 21:22:01.694,2025-06-17 21:16:18.000,False
0,2023-01-20T12:00:00Z,3,18,47.63761596,Clear,2025-06-17 21:22:03.043,2025-06-17 21:16:06.000,False
0,2023-01-07T21:00:00Z,5,21,52.07810088,Fog,2025-06-17 21:22:04.055,2025-06-17 21:16:18.000,False
0,2023-01-08T07:00:00Z,1,26,46.28098687,Fog,2025-06-17 21:22:03.584,2025-06-17 21:16:19.000,False
0,2023-01-03T03:00:00Z,1,27,47.20412347,Fog,2025-06-17 21:22:03.017,2025-06-17 21:16:10.000,False
0,2023-01-11T02:00:00Z,5,15,39.04856705,Rain,2025-06-17 21:22:04.556,2025-06-17 21:16:07.000,False
0,2023-01-27T16:00:00Z,1,20,46.20878158,Fog,2025-06-17 21:22:03.999,2025-06-17 21:16:18.000,False
0,2023-01-07T07:00:00Z,2,27,42.52387432,Rain,2025-06-17 21:22:04.688,2025-06-17 21:16:17.000,False
0,2023-01-07T00:00:00Z,4,19,39.12660285,Snow,2025-06-17 21:22:03.164,2025-06-17 21:16:17.000,False
0,2023-01-14T03:00:00Z,1,17,57.31129755,Snow,2025-06-17 21:22:02.985,2025-06-17 21:16:12.000,False
0,2023-01-03T06:00:00Z,3,23,43.83051856,Fog,2025-06-17 21:22:04.701,2025-06-17 21:16:10.000,False
0,2023-01-21T15:00:00Z,4,10,37.78050072,Fog,2025-06-17 21:22:03.565,2025-06-17 21:16:08.000,False
0,2023-01-09T19:00:00Z,2,28,43.39525937,Snow,2025-06-17 21:22:04.496,2025-06-17 21:16:22.000,False
1,2023-01-17T20:00:00Z,1,26,44.72345074,Fog,2025-06-17 21:22:01.639,2025-06-17 21:16:18.000,False
0,2023-01-07T00:00:00Z,4,19,39.12660285,Snow,2025-06-17 21:22:03.164,2025-06-17 21:16:17.000,False
0,2023-01-17T00:00:00Z,4,17,44.01839269,Fog,2025-06-17 21:22:03.944,2025-06-17 21:16:17.000,False
0,2023-01-14T12:00:00Z,1,17,36.13241708,Fog,2025-06-17 21:22:03.744,2025-06-17 21:16:12.000,False
0,2023-01-08T22:00:00Z,4,16,41.76051468,Fog,2025-06-17 21:22:04.381,2025-06-17 21:16:20.000,False
0,2023-01-19T19:00:00Z,1,15,53.39376983,Fog,2025-06-17 21:22:02.681,2025-06-17 21:16:21.000,False
0,2023-01-29T00:00:00Z,3,28,41.68367317,Fog,2025-06-17 21:22:02.531,2025-06-17 21:16:20.000,False
0,2023-01-01T15:00:00Z,3,21,44.57018864,Fog,2025-06-17 21:22:02.112,2025-06-17 21:16:07.000,False
0,2023-01-10T14:00:00Z,3,27,43.99821981,Fog,2025-06-17 21:22:02.551,2025-06-17 21:16:23.000,False
0,2023-01-09T12:00:00Z,5,18,44.79221556,Rain,2025-06-17 21:22:03.745,2025-06-17 21:16:21.000,False
0,2023-01-13T19:00:00Z,2,16,50.61337031,Clear,2025-06-17 21:22:03.355,2025-06-17 21:16:11.000,False
0,2023-01-21T19:00:00Z,2,26,58.14220383,Clear,2025-06-17 21:22:03.361,2025-06-17 21:16:08.000,False
0,2023-01-26T13:00:00Z,5,22,44.82195439,Clear,2025-06-17 21:22:03.764,2025-06-17 21:16:16.000,False
0,2023-01-21T23:00:00Z,1,16,57.0572109,Fog,2025-06-17 21:22:03.178,2025-06-17 21:16:08.000,False
0,2023-01-15T14:00:00Z,4,20,50.57194825,Fog,2025-06-17 21:22:02.757,2025-06-17 21:16:14.000,False
0,2023-01-18T14:00:00Z,4,18,45.70243078,Rain,2025-06-17 21:22:02.407,2025-06-17 21:16:19.000,False
0,2023-01-22T09:00:00Z,5,17,47.90153032,Clear,2025-06-17 21:22:02.548,2025-06-17 21:16:09.000,False
0,2023-01-06T18:00:00Z,2,21,51.41630128,Rain,2025-06-17 21:22:03.436,2025-06-17 21:16:16.000,False
0,2023-01-15T23:00:00Z,1,21,44.88533298,Fog,2025-06-17 21:22:03.904,2025-06-17 21:16:15.000,False
0,2023-01-13T21:00:00Z,3,18,47.32511892,Clear,2025-06-17 21:22:03.052,2025-06-17 21:16:11.000,False
0,2023-01-02T11:00:00Z,3,21,49.94252306,Rain,2025-06-17 21:22:03.745,2025-06-17 21:16:09.000,False
1,2023-01-07T18:00:00Z,3,21,51.79891041,Fog,2025-06-17 21:22:01.723,2025-06-17 21:16:18.000,False
0,2023-01-21T11:00:00Z,5,26,35.44739198,Clear,2025-06-17 21:22:03.733,2025-06-17 21:16:08.000,False
0,2023-01-20T23:00:00Z,3,14,52.78569648,Clear,2025-06-17 21:22:04.278,2025-06-17 21:16:07.000,False
0,2023-01-01T10:00:00Z,3,13,48.78037423,Clear,2025-06-17 21:22:03.410,2025-06-17 21:16:07.000,False
0,2023-01-11T23:00:00Z,3,17,49.31613221,Rain,2025-06-17 21:22:02.514,2025-06-17 21:16:08.000,False
0,2023-01-08T04:00:00Z,4,15,44.79564696,Rain,2025-06-17 21:22:02.259,2025-06-17 21:16:19.000,False
0,2023-01-11T04:00:00Z,5,25,35.17035753,Snow,2025-06-17 21:22:04.816,2025-06-17 21:16:07.000,False
0,2023-01-01T08:00:00Z,3,16,45.59383756,Fog,2025-06-17 21:22:03.515,2025-06-17 21:16:07.000,False
0,2023-01-09T03:00:00Z,2,19,50.84910899,Snow,2025-06-17 21:22:02.306,2025-06-17 21:16:20.000,False
0,2023-01-03T20:00:00Z,1,14,46.48314204,Clear,2025-06-17 21:22:04.086,2025-06-17 21:16:11.000,False
0,2023-01-22T16:00:00Z,5,20,39.1673802,Rain,2025-06-17 21:22:03.596,2025-06-17 21:16:10.000,False
0,2023-01-06T03:00:00Z,1,21,35.68743774,Rain,2025-06-17 21:22:02.673,2025-06-17 21:16:15.000,False
0,2023-01-23T08:00:00Z,1,23,48.44667759,Snow,2025-06-17 21:22:02.875,2025-06-17 21:16:11.000,False
0,2023-01-22T00:00:00Z,3,23,42.26797144,Fog,2025-06-17 21:22:04.326,2025-06-17 21:16:09.000,False
0,2023-01-01T09:00:00Z,5,21,48.56829637,Rain,2025-06-17 21:22:01.862,2025-06-17 21:16:07.000,False
0,2023-01-16T08:00:00Z,5,22,43.3751718,Rain,2025-06-17 21:22:04.675,2025-06-17 21:16:15.000,False
0,2023-01-26T16:00:00Z,4,23,37.57753691,Fog,2025-06-17 21:22:02.135,2025-06-17 21:16:16.000,False
0,2023-01-24T08:00:00Z,5,8,46.35263059,Clear,2025-06-17 21:22:04.699,2025-06-17 21:16:12.000,False
0,2023-01-27T22:00:00Z,2,22,41.27064411,Rain,2025-06-17 21:22:03.904,2025-06-17 21:16:18.000,False
0,2023-01-25T22:00:00Z,4,25,51.0647239,Fog,2025-06-17 21:22:03.169,2025-06-17 21:16:15.000,False
0,2023-01-06T09:00:00Z,2,19,37.35028204,Clear,2025-06-17 21:22:02.392,2025-06-17 21:16:16.000,False
0,2023-01-04T06:00:00Z,5,24,42.35537135,Clear,2025-06-17 21:22:03.609,2025-06-17 21:16:12.000,False
0,2023-01-25T20:00:00Z,4,32,51.20541472,Rain,2025-06-17 21:22:03.057,2025-06-17 21:16:15.000,False
0,2023-01-28T09:00:00Z,1,37,46.40077277,Rain,2025-06-17 21:22:04.663,2025-06-17 21:16:19.000,False
0,2023-01-22T18:00:00Z,4,18,41.67073089,Fog,2025-06-17 21:22:03.721,2025-06-17 21:16:10.000,False
0,2023-01-10T17:00:00Z,4,19,46.14808038,Fog,2025-06-17 21:22:03.500,2025-06-17 21:16:05.000,False
0,2023-01-02T04:00:00Z,4,18,35.03681575,Fog,2025-06-17 21:22:02.976,2025-06-17 21:16:08.000,False
0,2023-01-28T12:00:00Z,2,13,47.60001119,Fog,2025-06-17 21:22:03.072,2025-06-17 21:16:19.000,False
0,2023-01-16T11:00:00Z,5,20,43.41483203,Snow,2025-06-17 21:22:03.343,2025-06-17 21:16:16.000,False
0,2023-01-06T13:00:00Z,3,23,42.76996617,Snow,2025-06-17 21:22:02.617,2025-06-17 21:16:16.000,False
0,2023-01-02T12:00:00Z,5,15,44.96040729,Snow,2025-06-17 21:22:02.619,2025-06-17 21:16:09.000,False
0,2023-01-19T03:00:00Z,3,18,50.0312759,Clear,2025-06-17 21:22:03.365,2025-06-17 21:16:20.000,False
0,2023-01-15T07:00:00Z,1,19,34.3060338,Rain,2025-06-17 21:22:04.622,2025-06-17 21:16:14.000,False
0,2023-01-08T08:00:00Z,1,25,32.53474611,Fog,2025-06-17 21:22:04.645,2025-06-17 21:16:19.000,False
0,2023-01-13T02:00:00Z,4,18,51.78804051,Snow,2025-06-17 21:22:02.546,2025-06-17 21:16:10.000,False
0,2023-01-15T21:00:00Z,3,15,39.99200412,Clear,2025-06-17 21:22:03.805,2025-06-17 21:16:15.000,False
0,2023-01-03T16:00:00Z,3,15,54.54680905,Rain,2025-06-17 21:22:03.886,2025-06-17 21:16:11.000,False
0,2023-01-08T00:00:00Z,4,25,42.40631752,Fog,2025-06-17 21:22:02.084,2025-06-17 21:16:18.000,False
0,2023-01-28T02:00:00Z,2,18,39.31546764,Clear,2025-06-17 21:22:03.724,2025-06-17 21:16:18.000,False
0,2023-01-24T21:00:00Z,3,19,48.241446,Rain,2025-06-17 21:22:02.645,2025-06-17 21:16:13.000,False
0,2023-01-12T22:00:00Z,4,21,51.29487642,Snow,2025-06-17 21:22:02.803,2025-06-17 21:16:10.000,False
0,2023-01-29T03:00:00Z,1,20,49.02930442,Fog,2025-06-17 21:22:04.036,2025-06-17 21:16:20.000,False
0,2023-01-25T06:00:00Z,4,20,51.88424893,Snow,2025-06-17 21:22:03.898,2025-06-17 21:16:14.000,False
0,2023-01-09T00:00:00Z,3,15,41.61470418,Clear,2025-06-17 21:22:03.918,2025-06-17 21:16:20.000,False
0,2023-01-08T12:00:00Z,1,13,47.37405076,Rain,2025-06-17 21:22:04.810,2025-06-17 21:16:19.000,False
0,2023-01-06T12:00:00Z,2,23,49.59354841,Clear,2025-06-17 21:22:04.103,2025-06-17 21:16:16.000,False
0,2023-01-04T14:00:00Z,4,23,43.96915522,Snow,2025-06-17 21:22:03.260,2025-06-17 21:16:12.000,False
0,2023-01-29T08:00:00Z,3,19,51.1105688,Rain,2025-06-17 21:22:02.166,2025-06-17 21:16:20.000,False
0,2023-01-17T12:00:00Z,1,21,38.61094371,Snow,2025-06-17 21:22:03.460,2025-06-17 21:16:18.000,False
0,2023-01-02T13:00:00Z,3,14,47.86198903,Rain,2025-06-17 21:22:04.024,2025-06-17 21:16:09.000,False
0,2023-01-21T17:00:00Z,1,19,48.98046821,Snow,2025-06-17 21:22:03.280,2025-06-17 21:16:08.000,False
0,2023-01-07T01:00:00Z,2,20,47.31343246,Fog,2025-06-17 21:22:04.615,2025-06-17 21:16:17.000,False
0,2023-01-09T01:00:00Z,3,29,41.36030388,Clear,2025-06-17 21:22:02.407,2025-06-17 21:16:20.000,False
0,2023-01-09T16:00:00Z,1,21,44.21625623,Clear,2025-06-17 21:22:03.184,2025-06-17 21:16:21.000,False
0,2023-01-20T01:00:00Z,1,20,44.05387008,Rain,2025-06-17 21:22:02.180,2025-06-17 21:16:22.000,False
0,2023-01-06T14:00:00Z,2,9,45.06080741,Rain,2025-06-17 21:22:04.005,2025-06-17 21:16:16.000,False
0,2023-01-04T17:00:00Z,4,14,39.6601188,Rain,2025-06-17 21:22:04.213,2025-06-17 21:16:13.000,False
0,2023-01-10T20:00:00Z,3,24,43.91177726,Snow,2025-06-17 21:22:02.267,2025-06-17 21:16:06.000,False
0,2023-01-29T13:00:00Z,2,14,37.00165245,Fog,2025-06-17 21:22:03.395,2025-06-17 21:16:21.000,False
0,2023-01-23T10:00:00Z,2,23,50.6847401,Clear,2025-06-17 21:22:02.981,2025-06-17 21:16:11.000,False
0,2023-01-08T20:00:00Z,2,10,39.53835529,Fog,2025-06-17 21:22:04.474,2025-06-17 21:16:20.000,False
0,2023-01-19T04:00:00Z,5,19,47.82439205,Fog,2025-06-17 21:22:04.489,2025-06-17 21:16:20.000,False
0,2023-01-05T04:00:00Z,4,19,31.38025692,Clear,2025-06-17 21:22:02.677,2025-06-17 21:16:13.000,False
0,2023-01-10T07:00:00Z,4,12,50.36594418,Snow,2025-06-17 21:22:04.325,2025-06-17 21:16:22.000,False
0,2023-01-16T16:00:00Z,2,28,46.22970665,Rain,2025-06-17 21:22:04.306,2025-06-17 21:16:16.000,False
0,2023-01-18T13:00:00Z,1,18,36.41435006,Snow,2025-06-17 21:22:03.824,2025-06-17 21:16:19.000,False
0,2023-01-27T11:00:00Z,1,12,35.6022325,Clear,2025-06-17 21:22:02.963,2025-06-17 21:16:17.000,False
0,2023-01-08T15:00:00Z,1,20,48.75347847,Snow,2025-06-17 21:22:03.215,2025-06-17 21:16:19.000,False
0,2023-01-28T00:00:00Z,5,23,46.72588329,Snow,2025-06-17 21:22:03.661,2025-06-17 21:16:18.000,False
0,2023-01-27T09:00:00Z,4,16,46.79562552,Snow,2025-06-17 21:22:02.879,2025-06-17 21:16:17.000,False
0,2023-01-10T10:00:00Z,3,17,44.51972874,Fog,2025-06-17 21:22:02.360,2025-06-17 21:16:23.000,False
0,2023-01-07T22:00:00Z,1,20,53.33435041,Rain,2025-06-17 21:22:02.546,2025-06-17 21:16:18.000,False
0,2023-01-27T15:00:00Z,4,19,35.29467936,Clear,2025-06-17 21:22:02.741,2025-06-17 21:16:18.000,False
0,2023-01-10T21:00:00Z,3,24,47.82756363,Fog,2025-06-17 21:22:03.692,2025-06-17 21:16:06.000,False
0,2023-01-11T18:00:00Z,1,18,49.9760406,Snow,2025-06-17 21:22:03.852,2025-06-17 21:16:08.000,False
0,2023-01-02T21:00:00Z,3,22,44.78148943,Rain,2025-06-17 21:22:03.656,2025-06-17 21:16:09.000,False
0,2023-01-10T09:00:00Z,3,18,45.11077452,Fog,2025-06-17 21:22:03.895,2025-06-17 21:16:23.000,False
0,2023-01-25T09:00:00Z,1,18,41.88920397,Snow,2025-06-17 21:22:02.089,2025-06-17 21:16:14.000,False
0,2023-01-15T06:00:00Z,4,19,40.7399943,Rain,2025-06-17 21:22:03.109,2025-06-17 21:16:14.000,False
0,2023-01-11T08:00:00Z,2,20,43.00318518,Fog,2025-06-17 21:22:04.303,2025-06-17 21:16:07.000,False
1,2023-01-25T13:00:00Z,5,21,37.50389626,Snow,2025-06-17 21:22:01.661,2025-06-17 21:16:14.000,False
0,2023-01-12T16:00:00Z,3,14,41.01309344,Fog,2025-06-17 21:22:02.836,2025-06-17 21:16:09.000,False
0,2023-01-11T03:00:00Z,1,27,54.59694366,Snow,2025-06-17 21:22:03.056,2025-06-17 21:16:07.000,False
0,2023-01-24T03:00:00Z,2,21,44.01165584,Fog,2025-06-17 21:22:03.738,2025-06-17 21:16:12.000,False
0,2023-01-07T23:00:00Z,4,17,39.36372014,Snow,2025-06-17 21:22:03.982,2025-06-17 21:16:18.000,False
1,2023-01-15T13:00:00Z,3,25,36.87518573,Rain,2025-06-17 21:22:01.677,2025-06-17 21:16:14.000,False
0,2023-01-22T07:00:00Z,5,18,44.89683687,Fog,2025-06-17 21:22:02.825,2025-06-17 21:16:09.000,False
0,2023-01-21T21:00:00Z,1,20,40.79761009,Clear,2025-06-17 21:22:03.081,2025-06-17 21:16:08.000,False
0,2023-01-16T06:00:00Z,1,29,50.78667797,Clear,2025-06-17 21:22:01.800,2025-06-17 21:16:15.000,False
0,2023-01-11T13:00:00Z,4,18,45.3188069,Clear,2025-06-17 21:22:03.008,2025-06-17 21:16:07.000,False
0,2023-01-29T12:00:00Z,3,18,40.34532534,Clear,2025-06-17 21:22:01.819,2025-06-17 21:16:21.000,False
0,2023-01-25T19:00:00Z,5,16,33.63954503,Clear,2025-06-17 21:22:04.738,2025-06-17 21:16:15.000,False
0,2023-01-15T00:00:00Z,2,19,59.51182587,Snow,2025-06-17 21:22:03.192,2025-06-17 21:16:13.000,False
0,2023-01-18T11:00:00Z,5,18,38.49148145,Fog,2025-06-17 21:22:04.096,2025-06-17 21:16:19.000,False
0,2023-01-11T01:00:00Z,5,23,38.21819199,Rain,2025-06-17 21:22:03.145,2025-06-17 21:16:06.000,False
0,2023-01-06T19:00:00Z,3,12,54.11448621,Clear,2025-06-17 21:22:01.773,2025-06-17 21:16:16.000,False
0,2023-01-25T23:00:00Z,3,21,43.58334904,Rain,2025-06-17 21:22:04.565,2025-06-17 21:16:15.000,False
0,2023-01-01T17:00:00Z,2,19,36.70633235,Rain,2025-06-17 21:22:04.566,2025-06-17 21:16:07.000,False
0,2023-01-13T18:00:00Z,1,20,33.45414887,Rain,2025-06-17 21:22:04.736,2025-06-17 21:16:11.000,False
1,2023-01-29T15:00:00Z,1,17,50.69010086,Rain,2025-06-17 21:22:01.728,2025-06-17 21:16:21.000,False
0,2023-01-09T21:00:00Z,5,18,51.24301492,Clear,2025-06-17 21:22:04.786,2025-06-17 21:16:22.000,False
0,2023-01-06T23:00:00Z,2,17,55.18361725,Rain,2025-06-17 21:22:02.120,2025-06-17 21:16:17.000,False
0,2023-01-17T19:00:00Z,1,13,50.59489348,Fog,2025-06-17 21:22:04.801,2025-06-17 21:16:18.000,False
0,2023-01-29T20:00:00Z,3,23,42.56106859,Rain,2025-06-17 21:22:04.521,2025-06-17 21:16:21.000,False
0,2023-01-07T15:00:00Z,2,22,40.47255968,Fog,2025-06-17 21:22:04.321,2025-06-17 21:16:18.000,False
0,2023-01-02T00:00:00Z,4,22,43.68352849,Snow,2025-06-17 21:22:02.797,2025-06-17 21:16:08.000,False
0,2023-01-04T05:00:00Z,1,20,51.19960535,Fog,2025-06-17 21:22:02.228,2025-06-17 21:16:12.000,False
0,2023-01-09T11:00:00Z,5,21,48.10001053,Clear,2025-06-17 21:22:01.778,2025-06-17 21:16:21.000,False
0,2023-01-24T21:00:00Z,3,19,48.241446,Rain,2025-06-17 21:22:02.645,2025-06-17 21:16:13.000,False
0,2023-01-12T12:00:00Z,3,18,45.14364492,Rain,2025-06-17 21:22:03.387,2025-06-17 21:16:09.000,False
0,2023-01-15T04:00:00Z,4,20,52.39106133,Rain,2025-06-17 21:22:03.041,2025-06-17 21:16:14.000,False
0,2023-01-25T00:00:00Z,1,20,43.69223296,Rain,2025-06-17 21:22:03.986,2025-06-17 21:16:13.000,False
0,2023-01-06T08:00:00Z,1,24,51.69126567,Snow,2025-06-17 21:22:03.931,2025-06-17 21:16:15.000,False
0,2023-01-10T23:00:00Z,4,17,43.73878309,Fog,2025-06-17 21:22:03.584,2025-06-17 21:16:06.000,False
0,2023-01-07T13:00:00Z,5,14,42.4546901,Fog,2025-06-17 21:22:04.407,2025-06-17 21:16:18.000,False
0,2023-01-27T13:00:00Z,5,12,42.70179699,Fog,2025-06-17 21:22:02.693,2025-06-17 21:16:18.000,False
0,2023-01-20T16:00:00Z,1,28,41.94473558,Clear,2025-06-17 21:22:02.893,2025-06-17 21:16:06.000,False
1,2023-01-23T11:00:00Z,1,21,46.96806091,Snow,2025-06-17 21:22:01.912,2025-06-17 21:16:11.000,False
0,2023-01-06T00:00:00Z,5,31,45.59890581,Clear,2025-06-17 21:22:04.268,2025-06-17 21:16:15.000,False
0,2023-01-25T12:00:00Z,3,25,42.09309513,Clear,2025-06-17 21:22:03.417,2025-06-17 21:16:14.000,False
0,2023-01-23T00:00:00Z,3,33,42.28521651,Fog,2025-06-17 21:22:03.233,2025-06-17 21:16:10.000,False
0,2023-01-07T03:00:00Z,5,18,52.28304008,Snow,2025-06-17 21:22:04.483,2025-06-17 21:16:17.000,False
0,2023-01-18T06:00:00Z,4,29,47.10719018,Rain,2025-06-17 21:22:02.760,2025-06-17 21:16:19.000,False
0,2023-01-19T06:00:00Z,2,14,37.77038477,Rain,2025-06-17 21:22:04.595,2025-06-17 21:16:21.000,False
0,2023-01-19T09:00:00Z,1,18,44.87775342,Fog,2025-06-17 21:22:02.906,2025-06-17 21:16:21.000,False
0,2023-01-17T09:00:00Z,4,16,40.47137415,Snow,2025-06-17 21:22:02.158,2025-06-17 21:16:17.000,False
0,2023-01-10T22:00:00Z,2,16,42.21155748,Clear,2025-06-17 21:22:02.176,2025-06-17 21:16:06.000,False
0,2023-01-20T13:00:00Z,3,21,37.37475747,Fog,2025-06-17 21:22:04.536,2025-06-17 21:16:06.000,False
0,2023-01-11T00:00:00Z,4,24,43.43906093,Rain,2025-06-17 21:22:04.641,2025-06-17 21:16:06.000,False
0,2023-01-07T04:00:00Z,2,18,54.01093289,Snow,2025-06-17 21:22:03.349,2025-06-17 21:16:17.000,False
0,2023-01-29T07:00:00Z,4,25,39.05639913,Fog,2025-06-17 21:22:03.868,2025-06-17 21:16:20.000,False
0,2023-01-20T04:00:00Z,2,17,45.58466225,Rain,2025-06-17 21:22:03.426,2025-06-17 21:16:22.000,False
0,2023-01-19T13:00:00Z,4,18,50.97719166,Snow,2025-06-17 21:22:02.733,2025-06-17 21:16:21.000,False
0,2023-01-12T06:00:00Z,4,22,50.97579509,Clear,2025-06-17 21:22:03.652,2025-06-17 21:16:09.000,False
0,2023-01-18T05:00:00Z,1,27,39.81666837,Snow,2025-06-17 21:22:04.197,2025-06-17 21:16:19.000,False
0,2023-01-03T10:00:00Z,5,22,48.84418918,Clear,2025-06-17 21:22:04.170,2025-06-17 21:16:10.000,False
0,2023-01-23T09:00:00Z,3,20,48.36521508,Fog,2025-06-17 21:22:04.393,2025-06-17 21:16:11.000,False
0,2023-01-06T11:00:00Z,2,20,41.55081031,Clear,2025-06-17 21:22:02.298,2025-06-17 21:16:16.000,False
0,2023-01-26T19:00:00Z,4,19,42.91792269,Fog,2025-06-17 21:22:03.646,2025-06-17 21:16:16.000,False
0,2023-01-14T04:00:00Z,5,20,41.11933247,Snow,2025-06-17 21:22:04.204,2025-06-17 21:16:12.000,False
0,2023-01-03T19:00:00Z,3,20,45.17192844,Clear,2025-06-17 21:22:02.283,2025-06-17 21:16:11.000,False
0,2023-01-09T02:00:00Z,2,16,47.44086177,Clear,2025-06-17 21:22:03.828,2025-06-17 21:16:20.000,False
0,2023-01-09T13:00:00Z,4,17,41.96266786,Fog,2025-06-17 21:22:02.214,2025-06-17 21:16:21.000,False
0,2023-01-12T09:00:00Z,3,11,47.73944925,Snow,2025-06-17 21:22:04.604,2025-06-17 21:16:09.000,False
0,2023-01-04T07:00:00Z,4,16,43.99048097,Snow,2025-06-17 21:22:02.145,2025-06-17 21:16:12.000,False
0,2023-01-14T08:00:00Z,4,21,47.55998131,Clear,2025-06-17 21:22:03.955,2025-06-17 21:16:12.000,False
0,2023-01-10T06:00:00Z,5,17,38.8993276,Snow,2025-06-17 21:22:02.918,2025-06-17 21:16:22.000,False
0,2023-01-15T15:00:00Z,3,19,49.83962939,Rain,2025-06-17 21:22:04.264,2025-06-17 21:16:14.000,False
0,2023-01-05T00:00:00Z,4,22,52.07970892,Fog,2025-06-17 21:22:02.475,2025-06-17 21:16:13.000,False
0,2023-01-05T20:00:00Z,5,16,42.46366939,Fog,2025-06-17 21:22:04.803,2025-06-17 21:16:15.000,False
0,2023-01-06T05:00:00Z,4,19,54.23734458,Snow,2025-06-17 21:22:02.980,2025-06-17 21:16:15.000,False
0,2023-01-08T03:00:00Z,5,16,49.57706283,Rain,2025-06-17 21:22:03.400,2025-06-17 21:16:19.000,False
0,2023-01-16T05:00:00Z,1,22,43.02699216,Rain,2025-06-17 21:22:03.422,2025-06-17 21:16:15.000,False
0,2023-01-17T14:00:00Z,1,15,46.09569492,Snow,2025-06-17 21:22:03.486,2025-06-17 21:16:18.000,False
1,2023-01-01T00:00:00Z,5,21,43.0848538,Snow,2025-06-17 21:22:01.689,2025-06-17 21:16:05.000,False
0,2023-01-15T09:00:00Z,2,21,41.97250723,Clear,2025-06-17 21:22:04.341,2025-06-17 21:16:14.000,False
0,2023-01-16T21:00:00Z,1,17,44.35465714,Rain,2025-06-17 21:22:02.705,2025-06-17 21:16:16.000,False
0,2023-01-14T17:00:00Z,5,15,49.47981531,Clear,2025-06-17 21:22:02.127,2025-06-17 21:16:13.000,False
0,2023-01-22T04:00:00Z,5,19,45.66321158,Snow,2025-06-17 21:22:04.157,2025-06-17 21:16:09.000,False
0,2023-01-04T15:00:00Z,1,18,49.55458154,Rain,2025-06-17 21:22:04.665,2025-06-17 21:16:12.000,False
0,2023-01-17T04:00:00Z,3,14,40.38729487,Snow,2025-06-17 21:22:03.767,2025-06-17 21:16:17.000,False
1,2023-01-26T10:00:00Z,4,23,39.95150649,Rain,2025-06-17 21:22:01.700,2025-06-17 21:16:16.000,False
0,2023-01-05T15:00:00Z,4,18,49.40194835,Fog,2025-06-17 21:22:03.563,2025-06-17 21:16:14.000,False
0,2023-01-05T09:00:00Z,2,18,47.06924565,Rain,2025-06-17 21:22:03.498,2025-06-17 21:16:14.000,False
0,2023-01-11T17:00:00Z,5,26,37.20628756,Rain,2025-06-17 21:22:02.427,2025-06-17 21:16:08.000,False
0,2023-01-19T15:00:00Z,4,15,35.66798643,Rain,2025-06-17 21:22:02.824,2025-06-17 21:16:21.000,False
0,2023-01-22T21:00:00Z,2,25,38.20134908,Clear,2025-06-17 21:22:01.829,2025-06-17 21:16:10.000,False
0,2023-01-11T09:00:00Z,5,17,52.35237393,Fog,2025-06-17 21:22:02.784,2025-06-17 21:16:07.000,False
0,2023-01-12T10:00:00Z,1,21,42.83470304,Rain,2025-06-17 21:22:03.094,2025-06-17 21:16:09.000,False
0,2023-01-08T23:00:00Z,3,19,49.72651281,Clear,2025-06-17 21:22:02.923,2025-06-17 21:16:20.000,False
0,2023-01-21T01:00:00Z,5,22,46.39017349,Clear,2025-06-17 21:22:04.005,2025-06-17 21:16:07.000,False
0,2023-01-26T09:00:00Z,4,28,48.47087977,Snow,2025-06-17 21:22:03.953,2025-06-17 21:16:16.000,False
0,2023-01-18T00:00:00Z,2,15,45.89834687,Clear,2025-06-17 21:22:02.864,2025-06-17 21:16:18.000,False
0,2023-01-08T09:00:00Z,3,20,43.11754142,Rain,2025-06-17 21:22:03.140,2025-06-17 21:16:19.000,False
0,2023-01-20T02:00:00Z,2,27,34.40641384,Rain,2025-06-17 21:22:03.686,2025-06-17 21:16:22.000,False
0,2023-01-16T09:00:00Z,4,18,35.08155611,Rain,2025-06-17 21:22:03.264,2025-06-17 21:16:16.000,False
0,2023-01-17T22:00:00Z,3,26,40.24079155,Snow,2025-06-17 21:22:03.147,2025-06-17 21:16:18.000,False
0,2023-01-04T16:00:00Z,5,19,43.19008941,Snow,2025-06-17 21:22:02.828,2025-06-17 21:16:13.000,False
0,2023-01-15T10:00:00Z,4,24,51.42771787,Rain,2025-06-17 21:22:02.983,2025-06-17 21:16:14.000,False
0,2023-01-05T11:00:00Z,1,24,44.36843246,Snow,2025-06-17 21:22:03.382,2025-06-17 21:16:14.000,False
1,2023-01-26T10:00:00Z,4,23,39.95150649,Rain,2025-06-17 21:22:01.700,2025-06-17 21:16:16.000,False
0,2023-01-05T03:00:00Z,5,21,41.3766732,Snow,2025-06-17 21:22:03.762,2025-06-17 21:16:13.000,False
0,2023-01-21T05:00:00Z,3,22,48.63473679,Snow,2025-06-17 21:22:03.828,2025-06-17 21:16:07.000,False
1,2023-01-20T15:00:00Z,3,27,43.37726449,Rain,2025-06-17 21:22:01.903,2025-06-17 21:16:06.000,False
0,2023-01-23T23:00:00Z,2,19,42.6676428,Clear,2025-06-17 21:22:03.946,2025-06-17 21:16:12.000,False
0,2023-01-01T19:00:00Z,2,24,50.66611894,Fog,2025-06-17 21:22:04.482,2025-06-17 21:16:07.000,False
0,2023-01-15T19:00:00Z,2,21,51.90264136,Snow,2025-06-17 21:22:04.098,2025-06-17 21:16:15.000,False
0,2023-01-19T14:00:00Z,4,28,36.42903414,Fog,2025-06-17 21:22:04.238,2025-06-17 21:16:21.000,False
0,2023-01-13T00:00:00Z,2,16,48.12464423,Fog,2025-06-17 21:22:02.458,2025-06-17 21:16:10.000,False
0,2023-01-05T23:00:00Z,3,18,49.63023634,Clear,2025-06-17 21:22:03.219,2025-06-17 21:16:15.000,False
0,2023-01-17T05:00:00Z,1,16,57.31668109,Fog,2025-06-17 21:22:02.350,2025-06-17 21:16:17.000,False
0,2023-01-29T05:00:00Z,4,27,49.47978256,Clear,2025-06-17 21:22:03.758,2025-06-17 21:16:20.000,False
0,2023-01-08T19:00:00Z,4,23,51.70717284,Rain,2025-06-17 21:22:02.710,2025-06-17 21:16:20.000,False
0,2023-01-18T10:00:00Z,2,19,42.52397561,Rain,2025-06-17 21:22:02.616,2025-06-17 21:16:19.000,False
0,2023-01-09T10:00:00Z,3,15,51.17786135,Clear,2025-06-17 21:22:03.458,2025-06-17 21:16:21.000,False
0,2023-01-18T21:00:00Z,4,18,46.89898867,Snow,2025-06-17 21:22:03.442,2025-06-17 21:16:20.000,False
0,2023-01-22T13:00:00Z,1,16,51.64541532,Rain,2025-06-17 21:22:02.366,2025-06-17 21:16:09.000,False
0,2023-01-30T00:00:00Z,2,16,47.39737194,Clear,2025-06-17 21:22:04.368,2025-06-17 21:16:21.000,False
0,2023-01-21T16:00:00Z,4,18,34.3675122,Rain,2025-06-17 21:22:04.684,2025-06-17 21:16:08.000,False
1,2023-01-28T13:00:00Z,2,20,47.36581818,Fog,2025-06-17 21:22:01.640,2025-06-17 21:16:19.000,False
0,2023-01-17T01:00:00Z,5,19,44.8372398,Rain,2025-06-17 21:22:02.524,2025-06-17 21:16:17.000,False
0,2023-01-22T15:00:00Z,5,20,43.59250235,Snow,2025-06-17 21:22:02.442,2025-06-17 21:16:10.000,False
0,2023-01-19T11:00:00Z,5,23,39.21260937,Snow,2025-06-17 21:22:02.975,2025-06-17 21:16:21.000,False
0,2023-01-17T08:00:00Z,1,26,42.69572397,Fog,2025-06-17 21:22:03.579,2025-06-17 21:16:17.000,False
0,2023-01-24T18:00:00Z,3,19,51.19515619,Rain,2025-06-17 21:22:04.440,2025-06-17 21:16:13.000,False
0,2023-01-07T14:00:00Z,5,20,52.25864534,Snow,2025-06-17 21:22:02.902,2025-06-17 21:16:18.000,False
0,2023-01-02T08:00:00Z,1,19,48.47783343,Rain,2025-06-17 21:22:02.425,2025-06-17 21:16:08.000,False
0,2023-01-13T22:00:00Z,3,20,49.42714847,Clear,2025-06-17 21:22:04.569,2025-06-17 21:16:11.000,False
0,2023-01-16T17:00:00Z,1,11,52.07213253,Fog,2025-06-17 21:22:02.893,2025-06-17 21:16:16.000,False
0,2023-01-19T02:00:00Z,5,22,47.59379501,Fog,2025-06-17 21:22:04.770,2025-06-17 21:16:20.000,False
0,2023-01-13T12:00:00Z,2,18,48.81286061,Clear,2025-06-17 21:22:01.777,2025-06-17 21:16:11.000,False
0,2023-01-16T20:00:00Z,2,18,39.94190491,Snow,2025-06-17 21:22:04.140,2025-06-17 21:16:16.000,False
0,2023-01-23T13:00:00Z,3,19,43.88411862,Clear,2025-06-17 21:22:04.242,2025-06-17 21:16:11.000,False
0,2023-01-01T13:00:00Z,1,17,38.21520436,Fog,2025-06-17 21:22:02.185,2025-06-17 21:16:07.000,False
0,2023-01-17T21:00:00Z,4,18,43.66556818,Snow,2025-06-17 21:22:04.553,2025-06-17 21:16:18.000,False
0,2023-01-17T12:00:00Z,1,21,38.61094371,Snow,2025-06-17 21:22:03.460,2025-06-17 21:16:18.000,False
0,2023-01-14T16:00:00Z,4,25,37.5774584,Snow,2025-06-17 21:22:03.578,2025-06-17 21:16:13.000,False
1,2023-01-10T16:00:00Z,1,11,41.8621475,Fog,2025-06-17 21:22:01.909,2025-06-17 21:16:23.000,False
0,2023-01-18T16:00:00Z,5,27,40.51491394,Rain,2025-06-17 21:22:02.185,2025-06-17 21:16:20.000,False
0,2023-01-02T20:00:00Z,3,36,41.40498217,Snow,2025-06-17 21:22:02.258,2025-06-17 21:16:09.000,False
0,2023-01-18T15:00:00Z,2,19,51.58266122,Rain,2025-06-17 21:22:03.911,2025-06-17 21:16:19.000,False
0,2023-01-06T02:00:00Z,2,18,44.01894845,Clear,2025-06-17 21:22:04.179,2025-06-17 21:16:15.000,False
0,2023-01-27T19:00:00Z,4,21,46.89162097,Rain,2025-06-17 21:22:02.577,2025-06-17 21:16:18.000,False
0,2023-01-05T14:00:00Z,1,15,36.86304308,Fog,2025-06-17 21:22:02.157,2025-06-17 21:16:14.000,False
0,2023-01-18T04:00:00Z,2,17,42.49712734,Clear,2025-06-17 21:22:02.672,2025-06-17 21:16:19.000,False
0,2023-01-04T08:00:00Z,3,19,49.18326578,Rain,2025-06-17 21:22:03.172,2025-06-17 21:16:12.000,False
0,2023-01-20T14:00:00Z,1,22,43.44059464,Fog,2025-06-17 21:22:03.154,2025-06-17 21:16:06.000,False
0,2023-01-09T20:00:00Z,4,24,39.09772079,Clear,2025-06-17 21:22:03.393,2025-06-17 21:16:22.000,False
0,2023-01-24T11:00:00Z,2,12,35.38910639,Snow,2025-06-17 21:22:03.385,2025-06-17 21:16:13.000,False
0,2023-01-12T11:00:00Z,4,15,41.75348415,Rain,2025-06-17 21:22:04.558,2025-06-17 21:16:09.000,False
0,2023-01-21T04:00:00Z,2,20,45.41814138,Snow,2025-06-17 21:22:02.338,2025-06-17 21:16:07.000,False
0,2023-01-10T08:00:00Z,2,20,43.06214711,Rain,2025-06-17 21:22:02.477,2025-06-17 21:16:23.000,False
0,2023-01-18T03:00:00Z,4,19,44.02958592,Snow,2025-06-17 21:22:04.445,2025-06-17 21:16:19.000,False
0,2023-01-11T18:00:00Z,1,18,49.9760406,Snow,2025-06-17 21:22:03.852,2025-06-17 21:16:08.000,False
0,2023-01-13T07:00:00Z,5,22,43.74797983,Snow,2025-06-17 21:22:03.883,2025-06-17 21:16:10.000,False
0,2023-01-05T12:00:00Z,1,22,47.73007509,Fog,2025-06-17 21:22:02.246,2025-06-17 21:16:14.000,False
0,2023-01-12T04:00:00Z,4,18,31.4612145,Clear,2025-06-17 21:22:03.742,2025-06-17 21:16:08.000,False
0,2023-01-03T07:00:00Z,1,25,45.78284448,Snow,2025-06-17 21:22:03.196,2025-06-17 21:16:10.000,False
0,2023-01-13T15:00:00Z,3,13,38.16005141,Fog,2025-06-17 21:22:03.513,2025-06-17 21:16:11.000,False
0,2023-01-25T10:00:00Z,1,19,38.619411,Rain,2025-06-17 21:22:03.717,2025-06-17 21:16:14.000,False
0,2023-01-09T04:00:00Z,1,20,49.53089251,Snow,2025-06-17 21:22:04.117,2025-06-17 21:16:20.000,False
0,2023-01-09T15:00:00Z,2,15,38.43327896,Rain,2025-06-17 21:22:02.139,2025-06-17 21:16:21.000,False
0,2023-01-21T08:00:00Z,5,15,42.82100263,Clear,2025-06-17 21:22:02.134,2025-06-17 21:16:07.000,False
0,2023-01-24T13:00:00Z,1,28,43.83842401,Snow,2025-06-17 21:22:03.096,2025-06-17 21:16:13.000,False
0,2023-01-14T19:00:00Z,2,19,50.67433974,Snow,2025-06-17 21:22:02.233,2025-06-17 21:16:13.000,False
0,2023-01-26T00:00:00Z,1,22,37.01544394,Fog,2025-06-17 21:22:02.887,2025-06-17 21:16:15.000,False
0,2023-01-03T18:00:00Z,5,19,40.51141302,Rain,2025-06-17 21:22:03.818,2025-06-17 21:16:11.000,False
0,2023-01-16T19:00:00Z,4,20,42.58565705,Clear,2025-06-17 21:22:02.975,2025-06-17 21:16:16.000,False
0,2023-01-26T14:00:00Z,2,23,38.90914002,Clear,2025-06-17 21:22:02.422,2025-06-17 21:16:16.000,False
0,2023-01-28T11:00:00Z,3,21,46.57831817,Rain,2025-06-17 21:22:04.803,2025-06-17 21:16:19.000,False
