incident,timestamp,sensor_id,vehicle_count,avg_speed,weather_condition,write_time,api_invocation_time,is_deleted
0,2023-01-11T06:00:00Z,3,15,41.17820607,Rain,2025-06-18 21:26:01.277,2025-06-18 21:20:26.000,False
0,2023-01-22T05:00:00Z,1,19,51.94289445,Fog,2025-06-18 21:25:59.360,2025-06-18 21:20:28.000,False
0,2023-01-18T12:00:00Z,1,22,56.61783329,Snow,2025-06-18 21:25:58.946,2025-06-18 21:20:37.000,False
0,2023-01-04T02:00:00Z,1,13,47.17195994,Rain,2025-06-18 21:26:00.055,2025-06-18 21:20:30.000,False
0,2023-01-10T04:00:00Z,4,12,44.933503,Fog,2025-06-18 21:25:59.617,2025-06-18 21:20:40.000,False
0,2023-01-12T22:00:00Z,4,21,51.29487642,Snow,2025-06-18 21:25:59.356,2025-06-18 21:20:28.000,False
0,2023-01-02T05:00:00Z,3,22,51.47644003,Rain,2025-06-18 21:26:00.951,2025-06-18 21:20:27.000,False
0,2023-01-03T10:00:00Z,5,22,48.84418918,Clear,2025-06-18 21:26:00.745,2025-06-18 21:20:29.000,False
0,2023-01-15T03:00:00Z,4,18,43.94576864,Snow,2025-06-18 21:26:01.350,2025-06-18 21:20:32.000,False
1,2023-01-17T20:00:00Z,1,26,44.72345074,Fog,2025-06-18 21:25:58.262,2025-06-18 21:20:36.000,False
0,2023-01-09T03:00:00Z,2,19,50.84910899,Snow,2025-06-18 21:25:58.983,2025-06-18 21:20:38.000,False
0,2023-01-10T13:00:00Z,5,19,46.65357486,Rain,2025-06-18 21:26:00.638,2025-06-18 21:20:41.000,False
0,2023-01-11T03:00:00Z,1,27,54.59694366,Snow,2025-06-18 21:25:59.647,2025-06-18 21:20:25.000,False
0,2023-01-28T12:00:00Z,2,13,47.60001119,Fog,2025-06-18 21:25:59.671,2025-06-18 21:20:38.000,False
0,2023-01-29T22:00:00Z,5,21,49.23160781,Rain,2025-06-18 21:26:01.184,2025-06-18 21:20:40.000,False
0,2023-01-07T13:00:00Z,5,14,42.4546901,Fog,2025-06-18 21:26:00.962,2025-06-18 21:20:36.000,False
0,2023-01-22T15:00:00Z,5,20,43.59250235,Snow,2025-06-18 21:25:59.078,2025-06-18 21:20:28.000,False
0,2023-01-21T15:00:00Z,4,10,37.78050072,Fog,2025-06-18 21:26:00.130,2025-06-18 21:20:27.000,False
0,2023-01-04T11:00:00Z,3,22,40.97573489,Rain,2025-06-18 21:26:01.050,2025-06-18 21:20:31.000,False
0,2023-01-06T07:00:00Z,5,23,45.13467431,Fog,2025-06-18 21:25:59.520,2025-06-18 21:20:34.000,False
0,2023-01-29T23:00:00Z,4,18,50.77870263,Fog,2025-06-18 21:25:59.726,2025-06-18 21:20:40.000,False
0,2023-01-09T19:00:00Z,2,28,43.39525937,Snow,2025-06-18 21:26:01.070,2025-06-18 21:20:39.000,False
0,2023-01-02T09:00:00Z,1,19,41.61194536,Snow,2025-06-18 21:26:00.417,2025-06-18 21:20:27.000,False
0,2023-01-15T22:00:00Z,5,21,47.0296731,Fog,2025-06-18 21:25:59.027,2025-06-18 21:20:33.000,False
1,2023-01-13T11:00:00Z,2,20,39.2625635,Fog,2025-06-18 21:25:58.283,2025-06-18 21:20:29.000,False
0,2023-01-26T08:00:00Z,2,24,42.46506757,Rain,2025-06-18 21:25:59.155,2025-06-18 21:20:34.000,False
0,2023-01-16T16:00:00Z,2,28,46.22970665,Rain,2025-06-18 21:26:00.857,2025-06-18 21:20:34.000,False
0,2023-01-28T10:00:00Z,1,13,45.38339326,Clear,2025-06-18 21:25:59.943,2025-06-18 21:20:38.000,False
0,2023-01-28T15:00:00Z,2,23,47.40564717,Rain,2025-06-18 21:26:01.155,2025-06-18 21:20:38.000,False
0,2023-01-20T05:00:00Z,4,19,43.37502546,Clear,2025-06-18 21:25:58.530,2025-06-18 21:20:40.000,False
0,2023-01-03T03:00:00Z,1,27,47.20412347,Fog,2025-06-18 21:25:59.626,2025-06-18 21:20:28.000,False
0,2023-01-08T11:00:00Z,5,28,41.86522183,Snow,2025-06-18 21:25:59.646,2025-06-18 21:20:37.000,False
0,2023-01-23T02:00:00Z,4,25,38.72460484,Rain,2025-06-18 21:25:59.907,2025-06-18 21:20:29.000,False
0,2023-01-02T17:00:00Z,2,13,47.88644979,Fog,2025-06-18 21:26:00.119,2025-06-18 21:20:28.000,False
0,2023-01-07T17:00:00Z,1,18,50.00445804,Snow,2025-06-18 21:26:00.430,2025-06-18 21:20:36.000,False
0,2023-01-13T18:00:00Z,1,20,33.45414887,Rain,2025-06-18 21:26:01.312,2025-06-18 21:20:30.000,False
0,2023-01-06T06:00:00Z,1,18,44.6595252,Rain,2025-06-18 21:26:00.901,2025-06-18 21:20:34.000,False
0,2023-01-03T12:00:00Z,4,21,39.40068968,Rain,2025-06-18 21:26:01.000,2025-06-18 21:20:29.000,False
0,2023-01-11T00:00:00Z,4,24,43.43906093,Rain,2025-06-18 21:26:01.192,2025-06-18 21:20:25.000,False
0,2023-01-15T08:00:00Z,4,29,47.6941991,Clear,2025-06-18 21:25:59.458,2025-06-18 21:20:32.000,False
0,2023-01-27T04:00:00Z,5,16,38.201166,Clear,2025-06-18 21:26:01.097,2025-06-18 21:20:36.000,False
0,2023-01-17T16:00:00Z,5,21,48.95314628,Fog,2025-06-18 21:25:59.833,2025-06-18 21:20:36.000,False
0,2023-01-15T15:00:00Z,3,19,49.83962939,Rain,2025-06-18 21:26:00.847,2025-06-18 21:20:33.000,False
0,2023-01-25T04:00:00Z,5,19,47.28844358,Snow,2025-06-18 21:26:00.423,2025-06-18 21:20:32.000,False
0,2023-01-20T11:00:00Z,1,24,46.71822298,Fog,2025-06-18 21:26:01.386,2025-06-18 21:20:25.000,False
0,2023-01-03T11:00:00Z,4,30,42.37305695,Rain,2025-06-18 21:25:59.293,2025-06-18 21:20:29.000,False
0,2023-01-26T14:00:00Z,2,23,38.90914002,Clear,2025-06-18 21:25:59.055,2025-06-18 21:20:35.000,False
1,2023-01-20T06:00:00Z,5,20,43.36876929,Fog,2025-06-18 21:25:58.294,2025-06-18 21:20:40.000,False
0,2023-01-04T13:00:00Z,4,19,51.13449867,Clear,2025-06-18 21:26:01.303,2025-06-18 21:20:31.000,False
0,2023-01-14T00:00:00Z,2,16,42.08379656,Clear,2025-06-18 21:26:00.842,2025-06-18 21:20:30.000,False
0,2023-01-28T17:00:00Z,4,31,37.94810067,Rain,2025-06-18 21:26:00.871,2025-06-18 21:20:38.000,False
1,2023-01-01T00:00:00Z,5,21,43.0848538,Snow,2025-06-18 21:25:58.298,2025-06-18 21:20:24.000,False
0,2023-01-03T20:00:00Z,1,14,46.48314204,Clear,2025-06-18 21:26:00.646,2025-06-18 21:20:30.000,False
0,2023-01-02T02:00:00Z,2,22,50.48449531,Fog,2025-06-18 21:25:59.322,2025-06-18 21:20:27.000,False
0,2023-01-27T22:00:00Z,2,22,41.27064411,Rain,2025-06-18 21:26:00.485,2025-06-18 21:20:37.000,False
0,2023-01-08T19:00:00Z,4,23,51.70717284,Rain,2025-06-18 21:25:59.311,2025-06-18 21:20:38.000,False
0,2023-01-01T16:00:00Z,4,20,56.91823984,Clear,2025-06-18 21:25:59.764,2025-06-18 21:20:26.000,False
0,2023-01-21T16:00:00Z,4,18,34.3675122,Rain,2025-06-18 21:26:01.290,2025-06-18 21:20:27.000,False
1,2023-01-26T10:00:00Z,4,23,39.95150649,Rain,2025-06-18 21:25:58.283,2025-06-18 21:20:34.000,False
0,2023-01-05T16:00:00Z,5,21,46.4482955,Snow,2025-06-18 21:26:01.233,2025-06-18 21:20:33.000,False
0,2023-01-15T04:00:00Z,4,20,52.39106133,Rain,2025-06-18 21:25:59.627,2025-06-18 21:20:32.000,False
0,2023-01-24T08:00:00Z,5,8,46.35263059,Clear,2025-06-18 21:26:01.286,2025-06-18 21:20:31.000,False
0,2023-01-05T19:00:00Z,2,17,40.60068363,Snow,2025-06-18 21:25:59.640,2025-06-18 21:20:33.000,False
0,2023-01-21T18:00:00Z,4,19,44.36427256,Rain,2025-06-18 21:26:01.345,2025-06-18 21:20:27.000,False
0,2023-01-17T17:00:00Z,5,15,53.49937868,Rain,2025-06-18 21:26:01.280,2025-06-18 21:20:36.000,False
0,2023-01-28T05:00:00Z,1,16,55.68185791,Rain,2025-06-18 21:25:58.457,2025-06-18 21:20:37.000,False
0,2023-01-14T12:00:00Z,1,17,36.13241708,Fog,2025-06-18 21:26:00.318,2025-06-18 21:20:31.000,False
0,2023-01-01T19:00:00Z,2,24,50.66611894,Fog,2025-06-18 21:26:01.022,2025-06-18 21:20:26.000,False
0,2023-01-22T17:00:00Z,4,17,45.66681549,Snow,2025-06-18 21:25:58.890,2025-06-18 21:20:28.000,False
0,2023-01-08T07:00:00Z,1,26,46.28098687,Fog,2025-06-18 21:26:00.175,2025-06-18 21:20:37.000,False
0,2023-01-17T00:00:00Z,4,17,44.01839269,Fog,2025-06-18 21:26:00.537,2025-06-18 21:20:35.000,False
0,2023-01-10T01:00:00Z,5,19,35.03781468,Snow,2025-06-18 21:26:00.811,2025-06-18 21:20:40.000,False
0,2023-01-27T23:00:00Z,4,22,45.44610313,Rain,2025-06-18 21:25:59.049,2025-06-18 21:20:37.000,False
0,2023-01-01T14:00:00Z,5,21,46.03752989,Rain,2025-06-18 21:26:00.208,2025-06-18 21:20:26.000,False
0,2023-01-17T08:00:00Z,1,26,42.69572397,Fog,2025-06-18 21:26:00.160,2025-06-18 21:20:35.000,False
0,2023-01-21T07:00:00Z,5,16,39.95331566,Fog,2025-06-18 21:26:00.487,2025-06-18 21:20:26.000,False
1,2023-01-28T13:00:00Z,2,20,47.36581818,Fog,2025-06-18 21:25:58.289,2025-06-18 21:20:38.000,False
0,2023-01-27T15:00:00Z,4,19,35.29467936,Clear,2025-06-18 21:25:59.376,2025-06-18 21:20:36.000,False
0,2023-01-29T17:00:00Z,5,18,38.31178198,Fog,2025-06-18 21:25:59.824,2025-06-18 21:20:40.000,False
0,2023-01-19T02:00:00Z,5,22,47.59379501,Fog,2025-06-18 21:26:01.326,2025-06-18 21:20:38.000,False
0,2023-01-19T00:00:00Z,1,22,32.8248861,Rain,2025-06-18 21:26:01.231,2025-06-18 21:20:38.000,False
0,2023-01-28T22:00:00Z,4,23,42.25136313,Snow,2025-06-18 21:25:59.416,2025-06-18 21:20:38.000,False
0,2023-01-18T04:00:00Z,2,17,42.49712734,Clear,2025-06-18 21:25:59.293,2025-06-18 21:20:37.000,False
0,2023-01-28T16:00:00Z,3,25,46.9075444,Snow,2025-06-18 21:25:59.512,2025-06-18 21:20:38.000,False
0,2023-01-05T04:00:00Z,4,19,31.38025692,Clear,2025-06-18 21:25:59.246,2025-06-18 21:20:32.000,False
0,2023-01-08T20:00:00Z,2,10,39.53835529,Fog,2025-06-18 21:26:01.014,2025-06-18 21:20:38.000,False
0,2023-01-25T22:00:00Z,4,25,51.0647239,Fog,2025-06-18 21:25:59.763,2025-06-18 21:20:34.000,False
0,2023-01-14T10:00:00Z,3,18,50.7081916,Clear,2025-06-18 21:26:00.611,2025-06-18 21:20:31.000,False
0,2023-01-28T11:00:00Z,3,21,46.57831817,Rain,2025-06-18 21:26:01.313,2025-06-18 21:20:38.000,False
0,2023-01-27T11:00:00Z,1,12,35.6022325,Clear,2025-06-18 21:25:59.551,2025-06-18 21:20:36.000,False
1,2023-01-16T23:00:00Z,5,18,56.80479512,Clear,2025-06-18 21:25:58.267,2025-06-18 21:20:35.000,False
0,2023-01-19T09:00:00Z,1,18,44.87775342,Fog,2025-06-18 21:25:59.527,2025-06-18 21:20:38.000,False
1,2023-01-22T20:00:00Z,4,18,40.06190718,Fog,2025-06-18 21:25:58.285,2025-06-18 21:20:29.000,False
0,2023-01-20T07:00:00Z,1,23,48.32509876,Fog,2025-06-18 21:25:58.753,2025-06-18 21:20:40.000,False
0,2023-01-17T21:00:00Z,4,18,43.66556818,Snow,2025-06-18 21:26:01.097,2025-06-18 21:20:36.000,False
0,2023-01-14T22:00:00Z,3,23,39.07123642,Clear,2025-06-18 21:26:00.079,2025-06-18 21:20:31.000,False
0,2023-01-25T23:00:00Z,3,21,43.58334904,Rain,2025-06-18 21:26:01.129,2025-06-18 21:20:34.000,False
0,2023-01-09T17:00:00Z,4,32,40.90224411,Fog,2025-06-18 21:26:01.167,2025-06-18 21:20:39.000,False
0,2023-01-18T18:00:00Z,5,18,44.17107766,Clear,2025-06-18 21:25:58.936,2025-06-18 21:20:37.000,False
0,2023-01-19T03:00:00Z,3,18,50.0312759,Clear,2025-06-18 21:25:59.985,2025-06-18 21:20:38.000,False
0,2023-01-10T09:00:00Z,3,18,45.11077452,Fog,2025-06-18 21:26:00.437,2025-06-18 21:20:40.000,False
0,2023-01-11T07:00:00Z,5,25,31.30888175,Rain,2025-06-18 21:25:59.853,2025-06-18 21:20:26.000,False
0,2023-01-17T15:00:00Z,2,14,51.19932897,Snow,2025-06-18 21:25:58.709,2025-06-18 21:20:36.000,False
0,2023-01-01T05:00:00Z,5,20,46.24305622,Fog,2025-06-18 21:25:59.182,2025-06-18 21:20:25.000,False
0,2023-01-08T16:00:00Z,1,17,42.63074061,Fog,2025-06-18 21:26:00.836,2025-06-18 21:20:37.000,False
0,2023-01-29T13:00:00Z,2,14,37.00165245,Fog,2025-06-18 21:26:00.006,2025-06-18 21:20:39.000,False
0,2023-01-11T15:00:00Z,3,22,43.06717001,Clear,2025-06-18 21:25:59.492,2025-06-18 21:20:26.000,False
0,2023-01-23T09:00:00Z,3,20,48.36521508,Fog,2025-06-18 21:26:00.929,2025-06-18 21:20:30.000,False
0,2023-01-03T09:00:00Z,4,18,44.76717884,Rain,2025-06-18 21:25:59.371,2025-06-18 21:20:29.000,False
0,2023-01-22T11:00:00Z,2,17,43.80887738,Snow,2025-06-18 21:25:59.259,2025-06-18 21:20:28.000,False
0,2023-01-16T10:00:00Z,5,16,44.64103707,Snow,2025-06-18 21:26:01.311,2025-06-18 21:20:34.000,False
0,2023-01-25T20:00:00Z,4,32,51.20541472,Rain,2025-06-18 21:25:59.659,2025-06-18 21:20:33.000,False
0,2023-01-07T09:00:00Z,2,13,43.996323,Rain,2025-06-18 21:26:00.788,2025-06-18 21:20:35.000,False
0,2023-01-11T16:00:00Z,3,15,43.987242,Clear,2025-06-18 21:26:00.487,2025-06-18 21:20:26.000,False
0,2023-01-18T21:00:00Z,4,18,46.89898867,Snow,2025-06-18 21:26:00.050,2025-06-18 21:20:38.000,False
0,2023-01-09T07:00:00Z,2,20,43.51205257,Fog,2025-06-18 21:25:59.139,2025-06-18 21:20:38.000,False
0,2023-01-24T02:00:00Z,1,15,39.0549252,Clear,2025-06-18 21:25:58.880,2025-06-18 21:20:31.000,False
0,2023-01-23T01:00:00Z,1,30,51.85616171,Fog,2025-06-18 21:26:01.280,2025-06-18 21:20:29.000,False
0,2023-01-04T01:00:00Z,3,22,55.15658969,Rain,2025-06-18 21:25:58.499,2025-06-18 21:20:30.000,False
0,2023-01-09T12:00:00Z,5,18,44.79221556,Rain,2025-06-18 21:26:00.323,2025-06-18 21:20:39.000,False
0,2023-01-05T00:00:00Z,4,22,52.07970892,Fog,2025-06-18 21:25:59.069,2025-06-18 21:20:31.000,False
0,2023-01-08T15:00:00Z,1,20,48.75347847,Snow,2025-06-18 21:25:59.830,2025-06-18 21:20:37.000,False
0,2023-01-03T00:00:00Z,3,23,51.83057623,Rain,2025-06-18 21:26:01.168,2025-06-18 21:20:28.000,False
0,2023-01-01T12:00:00Z,1,15,49.71744733,Fog,2025-06-18 21:26:00.316,2025-06-18 21:20:26.000,False
0,2023-01-21T10:00:00Z,1,8,48.04980078,Fog,2025-06-18 21:25:58.875,2025-06-18 21:20:26.000,False
1,2023-01-01T03:00:00Z,1,27,43.33944719,Clear,2025-06-18 21:25:58.253,2025-06-18 21:20:25.000,False
0,2023-01-17T19:00:00Z,1,13,50.59489348,Fog,2025-06-18 21:26:01.385,2025-06-18 21:20:36.000,False
0,2023-01-03T19:00:00Z,3,20,45.17192844,Clear,2025-06-18 21:25:58.938,2025-06-18 21:20:29.000,False
0,2023-01-06T20:00:00Z,4,16,47.66085478,Snow,2025-06-18 21:26:00.301,2025-06-18 21:20:34.000,False
0,2023-01-10T02:00:00Z,3,26,46.4154122,Fog,2025-06-18 21:25:59.370,2025-06-18 21:20:40.000,False
0,2023-01-20T02:00:00Z,2,27,34.40641384,Rain,2025-06-18 21:26:00.272,2025-06-18 21:20:40.000,False
0,2023-01-09T13:00:00Z,4,17,41.96266786,Fog,2025-06-18 21:25:58.900,2025-06-18 21:20:39.000,False
1,2023-01-23T11:00:00Z,1,21,46.96806091,Snow,2025-06-18 21:25:58.460,2025-06-18 21:20:30.000,False
0,2023-01-22T23:00:00Z,2,16,49.45585381,Snow,2025-06-18 21:25:58.746,2025-06-18 21:20:29.000,False
0,2023-01-27T09:00:00Z,4,16,46.79562552,Snow,2025-06-18 21:25:59.464,2025-06-18 21:20:36.000,False
0,2023-01-29T08:00:00Z,3,19,51.1105688,Rain,2025-06-18 21:25:58.815,2025-06-18 21:20:39.000,False
0,2023-01-15T10:00:00Z,4,24,51.42771787,Rain,2025-06-18 21:25:59.548,2025-06-18 21:20:32.000,False
0,2023-01-25T10:00:00Z,1,19,38.619411,Rain,2025-06-18 21:26:00.298,2025-06-18 21:20:33.000,False
0,2023-01-02T12:00:00Z,5,15,44.96040729,Snow,2025-06-18 21:25:59.229,2025-06-18 21:20:27.000,False
0,2023-01-20T10:00:00Z,5,23,40.07487174,Clear,2025-06-18 21:25:59.911,2025-06-18 21:20:24.000,False
0,2023-01-08T08:00:00Z,1,25,32.53474611,Fog,2025-06-18 21:26:01.191,2025-06-18 21:20:37.000,False
0,2023-01-05T17:00:00Z,5,14,50.03541733,Rain,2025-06-18 21:25:59.744,2025-06-18 21:20:33.000,False
0,2023-01-11T09:00:00Z,5,17,52.35237393,Fog,2025-06-18 21:25:59.401,2025-06-18 21:20:26.000,False
0,2023-01-12T01:00:00Z,4,18,42.22761705,Snow,2025-06-18 21:25:58.685,2025-06-18 21:20:27.000,False
0,2023-01-07T08:00:00Z,3,16,43.84254477,Rain,2025-06-18 21:25:59.425,2025-06-18 21:20:35.000,False
0,2023-01-22T16:00:00Z,5,20,39.1673802,Rain,2025-06-18 21:26:00.206,2025-06-18 21:20:28.000,False
0,2023-01-20T18:00:00Z,3,26,41.03777069,Clear,2025-06-18 21:25:59.568,2025-06-18 21:20:25.000,False
0,2023-01-13T06:00:00Z,3,18,42.49116459,Rain,2025-06-18 21:25:59.008,2025-06-18 21:20:29.000,False
0,2023-01-13T09:00:00Z,1,26,36.62159101,Snow,2025-06-18 21:26:00.209,2025-06-18 21:20:29.000,False
0,2023-01-26T22:00:00Z,3,26,45.02209945,Snow,2025-06-18 21:25:58.715,2025-06-18 21:20:35.000,False
0,2023-01-28T06:00:00Z,5,28,40.67929539,Fog,2025-06-18 21:26:00.107,2025-06-18 21:20:37.000,False
0,2023-01-05T10:00:00Z,3,18,43.25573408,Clear,2025-06-18 21:25:58.530,2025-06-18 21:20:32.000,False
0,2023-01-05T18:00:00Z,5,21,49.18592626,Rain,2025-06-18 21:26:01.096,2025-06-18 21:20:33.000,False
0,2023-01-13T21:00:00Z,3,18,47.32511892,Clear,2025-06-18 21:25:59.664,2025-06-18 21:20:30.000,False
0,2023-01-25T18:00:00Z,3,19,41.09426346,Clear,2025-06-18 21:25:59.939,2025-06-18 21:20:33.000,False
0,2023-01-25T21:00:00Z,5,26,39.53912396,Rain,2025-06-18 21:26:01.040,2025-06-18 21:20:34.000,False
0,2023-01-19T01:00:00Z,5,19,50.2923789,Clear,2025-06-18 21:25:59.872,2025-06-18 21:20:38.000,False
0,2023-01-17T12:00:00Z,1,21,38.61094371,Snow,2025-06-18 21:25:59.991,2025-06-18 21:20:36.000,False
0,2023-01-18T22:00:00Z,2,21,43.46763008,Snow,2025-06-18 21:25:58.499,2025-06-18 21:20:38.000,False
0,2023-01-26T13:00:00Z,5,22,44.82195439,Clear,2025-06-18 21:26:00.340,2025-06-18 21:20:35.000,False
0,2023-01-25T15:00:00Z,2,21,43.79409608,Clear,2025-06-18 21:25:58.507,2025-06-18 21:20:33.000,False
0,2023-01-26T19:00:00Z,4,19,42.91792269,Fog,2025-06-18 21:26:00.247,2025-06-18 21:20:35.000,False
0,2023-01-06T02:00:00Z,2,18,44.01894845,Clear,2025-06-18 21:26:00.739,2025-06-18 21:20:33.000,False
0,2023-01-08T02:00:00Z,2,21,37.49180136,Clear,2025-06-18 21:25:58.530,2025-06-18 21:20:37.000,False
0,2023-01-24T13:00:00Z,1,28,43.83842401,Snow,2025-06-18 21:25:59.704,2025-06-18 21:20:31.000,False
0,2023-01-16T22:00:00Z,1,15,45.05290586,Clear,2025-06-18 21:26:00.796,2025-06-18 21:20:35.000,False
0,2023-01-21T20:00:00Z,1,26,27.60195934,Rain,2025-06-18 21:26:01.059,2025-06-18 21:20:27.000,False
0,2023-01-27T10:00:00Z,5,20,49.96684042,Clear,2025-06-18 21:26:00.988,2025-06-18 21:20:36.000,False
0,2023-01-13T01:00:00Z,5,27,39.55647859,Snow,2025-06-18 21:26:00.577,2025-06-18 21:20:29.000,False
1,2023-01-01T04:00:00Z,2,24,43.52751327,Rain,2025-06-18 21:25:58.274,2025-06-18 21:20:25.000,False
0,2023-01-24T03:00:00Z,2,21,44.01165584,Fog,2025-06-18 21:26:00.330,2025-06-18 21:20:31.000,False
0,2023-01-04T23:00:00Z,4,12,49.5835492,Rain,2025-06-18 21:26:00.883,2025-06-18 21:20:31.000,False
0,2023-01-12T19:00:00Z,4,17,49.54385298,Clear,2025-06-18 21:26:00.977,2025-06-18 21:20:28.000,False
0,2023-01-22T00:00:00Z,3,23,42.26797144,Fog,2025-06-18 21:26:00.915,2025-06-18 21:20:27.000,False
0,2023-01-25T07:00:00Z,4,26,48.83253189,Rain,2025-06-18 21:25:59.058,2025-06-18 21:20:33.000,False
0,2023-01-23T13:00:00Z,3,19,43.88411862,Clear,2025-06-18 21:26:00.760,2025-06-18 21:20:30.000,False
0,2023-01-15T01:00:00Z,3,28,40.39851367,Snow,2025-06-18 21:26:01.289,2025-06-18 21:20:32.000,False
0,2023-01-08T05:00:00Z,2,20,39.32234252,Fog,2025-06-18 21:26:00.286,2025-06-18 21:20:37.000,False
1,2023-01-29T15:00:00Z,1,17,50.69010086,Rain,2025-06-18 21:25:58.287,2025-06-18 21:20:39.000,False
0,2023-01-26T18:00:00Z,3,28,39.07293238,Fog,2025-06-18 21:25:58.937,2025-06-18 21:20:35.000,False
1,2023-01-15T20:00:00Z,1,25,40.29478508,Rain,2025-06-18 21:25:58.253,2025-06-18 21:20:33.000,False
0,2023-01-23T20:00:00Z,3,14,47.15804095,Fog,2025-06-18 21:25:58.959,2025-06-18 21:20:30.000,False
0,2023-01-24T07:00:00Z,4,19,37.26973043,Snow,2025-06-18 21:26:00.138,2025-06-18 21:20:31.000,False
0,2023-01-26T05:00:00Z,2,17,29.49801901,Snow,2025-06-18 21:26:00.688,2025-06-18 21:20:34.000,False
0,2023-01-27T00:00:00Z,1,25,49.90079113,Fog,2025-06-18 21:26:01.276,2025-06-18 21:20:35.000,False
0,2023-01-03T07:00:00Z,1,25,45.78284448,Snow,2025-06-18 21:25:59.809,2025-06-18 21:20:29.000,False
0,2023-01-26T21:00:00Z,2,17,47.97078645,Rain,2025-06-18 21:25:59.992,2025-06-18 21:20:35.000,False
0,2023-01-25T06:00:00Z,4,20,51.88424893,Snow,2025-06-18 21:26:00.477,2025-06-18 21:20:33.000,False
0,2023-01-14T02:00:00Z,4,23,44.14380209,Clear,2025-06-18 21:26:00.946,2025-06-18 21:20:30.000,False
0,2023-01-13T02:00:00Z,4,18,51.78804051,Snow,2025-06-18 21:25:59.199,2025-06-18 21:20:29.000,False
0,2023-01-11T02:00:00Z,5,15,39.04856705,Rain,2025-06-18 21:26:01.111,2025-06-18 21:20:25.000,False
0,2023-01-07T01:00:00Z,2,20,47.31343246,Fog,2025-06-18 21:26:01.169,2025-06-18 21:20:35.000,False
0,2023-01-24T04:00:00Z,2,18,44.72170662,Snow,2025-06-18 21:25:58.529,2025-06-18 21:20:31.000,False
0,2023-01-03T16:00:00Z,3,15,54.54680905,Rain,2025-06-18 21:26:00.459,2025-06-18 21:20:29.000,False
0,2023-01-16T17:00:00Z,1,11,52.07213253,Fog,2025-06-18 21:25:59.523,2025-06-18 21:20:34.000,False
0,2023-01-21T00:00:00Z,3,20,46.67333568,Snow,2025-06-18 21:25:59.132,2025-06-18 21:20:26.000,False
0,2023-01-15T12:00:00Z,1,31,36.35166897,Fog,2025-06-18 21:25:59.277,2025-06-18 21:20:32.000,False
0,2023-01-21T21:00:00Z,1,20,40.79761009,Clear,2025-06-18 21:25:59.696,2025-06-18 21:20:27.000,False
0,2023-01-29T19:00:00Z,5,23,49.50351924,Snow,2025-06-18 21:25:59.894,2025-06-18 21:20:40.000,False
0,2023-01-14T14:00:00Z,5,16,35.65543243,Clear,2025-06-18 21:26:00.409,2025-06-18 21:20:31.000,False
0,2023-01-10T17:00:00Z,4,19,46.14808038,Fog,2025-06-18 21:26:00.087,2025-06-18 21:20:24.000,False
0,2023-01-21T04:00:00Z,2,20,45.41814138,Snow,2025-06-18 21:25:58.943,2025-06-18 21:20:26.000,False
0,2023-01-28T07:00:00Z,4,27,40.16264945,Fog,2025-06-18 21:25:58.503,2025-06-18 21:20:37.000,False
0,2023-01-26T07:00:00Z,4,19,48.04284095,Snow,2025-06-18 21:26:00.814,2025-06-18 21:20:34.000,False
0,2023-01-10T05:00:00Z,5,19,43.6940273,Rain,2025-06-18 21:26:00.973,2025-06-18 21:20:40.000,False
0,2023-01-18T13:00:00Z,1,18,36.41435006,Snow,2025-06-18 21:26:00.400,2025-06-18 21:20:37.000,False
0,2023-01-15T05:00:00Z,4,23,44.32256231,Fog,2025-06-18 21:26:01.081,2025-06-18 21:20:32.000,False
0,2023-01-24T05:00:00Z,3,22,47.17538579,Fog,2025-06-18 21:26:00.064,2025-06-18 21:20:31.000,False
0,2023-01-22T22:00:00Z,5,18,35.7203756,Fog,2025-06-18 21:26:00.095,2025-06-18 21:20:29.000,False
0,2023-01-28T00:00:00Z,5,23,46.72588329,Snow,2025-06-18 21:26:00.211,2025-06-18 21:20:37.000,False
0,2023-01-17T01:00:00Z,5,19,44.8372398,Rain,2025-06-18 21:25:59.151,2025-06-18 21:20:35.000,False
0,2023-01-19T05:00:00Z,3,24,43.54205825,Rain,2025-06-18 21:25:59.679,2025-06-18 21:20:38.000,False
0,2023-01-10T07:00:00Z,4,12,50.36594418,Snow,2025-06-18 21:26:00.878,2025-06-18 21:20:40.000,False
0,2023-01-27T20:00:00Z,3,13,38.53636405,Fog,2025-06-18 21:26:00.380,2025-06-18 21:20:37.000,False
0,2023-01-20T00:00:00Z,3,17,45.59479814,Rain,2025-06-18 21:26:00.172,2025-06-18 21:20:39.000,False
0,2023-01-05T15:00:00Z,4,18,49.40194835,Fog,2025-06-18 21:26:00.177,2025-06-18 21:20:32.000,False
0,2023-01-01T15:00:00Z,3,21,44.57018864,Fog,2025-06-18 21:25:58.742,2025-06-18 21:20:26.000,False
0,2023-01-25T05:00:00Z,5,30,46.12019467,Fog,2025-06-18 21:25:58.938,2025-06-18 21:20:32.000,False
0,2023-01-08T01:00:00Z,1,24,42.77586066,Clear,2025-06-18 21:26:00.092,2025-06-18 21:20:36.000,False
0,2023-01-21T06:00:00Z,5,16,45.22204489,Rain,2025-06-18 21:25:59.058,2025-06-18 21:20:26.000,False
0,2023-01-13T15:00:00Z,3,13,38.16005141,Fog,2025-06-18 21:26:00.092,2025-06-18 21:20:29.000,False
0,2023-01-02T07:00:00Z,4,11,34.41272279,Clear,2025-06-18 21:26:00.848,2025-06-18 21:20:27.000,False
0,2023-01-21T11:00:00Z,5,26,35.44739198,Clear,2025-06-18 21:26:00.305,2025-06-18 21:20:26.000,False
0,2023-01-02T08:00:00Z,1,19,48.47783343,Rain,2025-06-18 21:25:59.047,2025-06-18 21:20:27.000,False
0,2023-01-17T06:00:00Z,4,16,42.59076676,Clear,2025-06-18 21:26:00.446,2025-06-18 21:20:35.000,False
0,2023-01-06T21:00:00Z,1,19,41.16650698,Clear,2025-06-18 21:25:58.878,2025-06-18 21:20:35.000,False
0,2023-01-27T21:00:00Z,4,13,52.37165054,Rain,2025-06-18 21:25:58.938,2025-06-18 21:20:37.000,False
0,2023-01-08T22:00:00Z,4,16,41.76051468,Fog,2025-06-18 21:26:00.928,2025-06-18 21:20:38.000,False
0,2023-01-03T08:00:00Z,4,29,45.55759548,Clear,2025-06-18 21:26:00.809,2025-06-18 21:20:29.000,False
0,2023-01-18T15:00:00Z,2,19,51.58266122,Rain,2025-06-18 21:26:00.480,2025-06-18 21:20:37.000,False
0,2023-01-13T08:00:00Z,3,22,44.61494891,Fog,2025-06-18 21:25:58.738,2025-06-18 21:20:29.000,False
0,2023-01-14T19:00:00Z,2,19,50.67433974,Snow,2025-06-18 21:25:58.874,2025-06-18 21:20:31.000,False
0,2023-01-23T18:00:00Z,5,15,42.68199116,Fog,2025-06-18 21:25:59.230,2025-06-18 21:20:30.000,False
0,2023-01-27T17:00:00Z,5,14,40.6553217,Clear,2025-06-18 21:25:59.115,2025-06-18 21:20:36.000,False
0,2023-01-06T11:00:00Z,2,20,41.55081031,Clear,2025-06-18 21:25:58.978,2025-06-18 21:20:34.000,False
0,2023-01-02T15:00:00Z,4,21,41.26724032,Fog,2025-06-18 21:26:00.497,2025-06-18 21:20:28.000,False
0,2023-01-29T05:00:00Z,4,27,49.47978256,Clear,2025-06-18 21:26:00.334,2025-06-18 21:20:39.000,False
0,2023-01-06T12:00:00Z,2,23,49.59354841,Clear,2025-06-18 21:26:00.661,2025-06-18 21:20:34.000,False
0,2023-01-19T05:00:00Z,3,24,43.54205825,Rain,2025-06-18 21:25:59.679,2025-06-18 21:20:38.000,False
0,2023-01-16T19:00:00Z,4,20,42.58565705,Clear,2025-06-18 21:25:59.598,2025-06-18 21:20:34.000,False
0,2023-01-10T03:00:00Z,4,15,42.21435804,Fog,2025-06-18 21:26:00.729,2025-06-18 21:20:40.000,False
0,2023-01-12T23:00:00Z,4,22,46.80055569,Clear,2025-06-18 21:26:00.808,2025-06-18 21:20:28.000,False
0,2023-01-10T22:00:00Z,2,16,42.21155748,Clear,2025-06-18 21:25:58.892,2025-06-18 21:20:25.000,False
1,2023-01-24T14:00:00Z,4,32,41.40868075,Fog,2025-06-18 21:25:58.304,2025-06-18 21:20:31.000,False
1,2023-01-01T18:00:00Z,3,22,45.97950834,Clear,2025-06-18 21:25:58.251,2025-06-18 21:20:26.000,False
0,2023-01-11T13:00:00Z,4,18,45.3188069,Clear,2025-06-18 21:25:59.580,2025-06-18 21:20:26.000,False
0,2023-01-16T05:00:00Z,1,22,43.02699216,Rain,2025-06-18 21:26:00.037,2025-06-18 21:20:33.000,False
0,2023-01-01T22:00:00Z,3,20,54.56540058,Clear,2025-06-18 21:25:59.855,2025-06-18 21:20:26.000,False
0,2023-01-17T10:00:00Z,2,22,43.42804527,Rain,2025-06-18 21:26:00.258,2025-06-18 21:20:35.000,False
1,2023-01-15T13:00:00Z,3,25,36.87518573,Rain,2025-06-18 21:25:58.253,2025-06-18 21:20:32.000,False
0,2023-01-18T00:00:00Z,2,15,45.89834687,Clear,2025-06-18 21:25:59.488,2025-06-18 21:20:36.000,False
0,2023-01-22T01:00:00Z,4,19,41.14826983,Clear,2025-06-18 21:25:59.537,2025-06-18 21:20:27.000,False
0,2023-01-26T20:00:00Z,2,20,44.08535391,Fog,2025-06-18 21:25:58.517,2025-06-18 21:20:35.000,False
0,2023-01-08T21:00:00Z,4,23,45.13781476,Fog,2025-06-18 21:25:59.576,2025-06-18 21:20:38.000,False
0,2023-01-26T12:00:00Z,2,18,42.55175546,Clear,2025-06-18 21:25:58.980,2025-06-18 21:20:35.000,False
0,2023-01-14T09:00:00Z,4,25,38.8384014,Fog,2025-06-18 21:25:59.217,2025-06-18 21:20:31.000,False
0,2023-01-16T21:00:00Z,1,17,44.35465714,Rain,2025-06-18 21:25:59.337,2025-06-18 21:20:35.000,False
0,2023-01-26T11:00:00Z,5,25,41.28423867,Rain,2025-06-18 21:26:00.608,2025-06-18 21:20:34.000,False
0,2023-01-28T18:00:00Z,4,15,43.99844906,Snow,2025-06-18 21:25:59.602,2025-06-18 21:20:38.000,False
0,2023-01-06T14:00:00Z,2,9,45.06080741,Rain,2025-06-18 21:26:00.568,2025-06-18 21:20:34.000,False
0,2023-01-28T03:00:00Z,4,21,42.62069014,Clear,2025-06-18 21:25:58.889,2025-06-18 21:20:37.000,False
0,2023-01-24T10:00:00Z,1,20,44.52210831,Rain,2025-06-18 21:26:01.387,2025-06-18 21:20:31.000,False
0,2023-01-21T23:00:00Z,1,16,57.0572109,Fog,2025-06-18 21:25:59.797,2025-06-18 21:20:27.000,False
0,2023-01-16T18:00:00Z,3,25,44.6353138,Clear,2025-06-18 21:26:00.957,2025-06-18 21:20:34.000,False
0,2023-01-28T01:00:00Z,1,16,39.87247981,Fog,2025-06-18 21:25:58.751,2025-06-18 21:20:37.000,False
0,2023-01-12T12:00:00Z,3,18,45.14364492,Rain,2025-06-18 21:25:59.974,2025-06-18 21:20:28.000,False
0,2023-01-21T09:00:00Z,5,16,54.82358099,Fog,2025-06-18 21:26:00.227,2025-06-18 21:20:26.000,False
0,2023-01-15T18:00:00Z,4,15,45.71355059,Clear,2025-06-18 21:25:59.192,2025-06-18 21:20:33.000,False
0,2023-01-22T03:00:00Z,4,21,46.26949355,Snow,2025-06-18 21:25:59.674,2025-06-18 21:20:28.000,False
0,2023-01-14T16:00:00Z,4,25,37.5774584,Snow,2025-06-18 21:26:00.191,2025-06-18 21:20:31.000,False
0,2023-01-18T07:00:00Z,5,23,44.97883676,Clear,2025-06-18 21:26:00.822,2025-06-18 21:20:37.000,False
0,2023-01-12T20:00:00Z,4,25,44.24673322,Clear,2025-06-18 21:25:59.268,2025-06-18 21:20:28.000,False
0,2023-01-28T09:00:00Z,1,37,46.40077277,Rain,2025-06-18 21:26:01.244,2025-06-18 21:20:37.000,False
0,2023-01-19T10:00:00Z,5,22,52.1715159,Rain,2025-06-18 21:26:00.974,2025-06-18 21:20:39.000,False
0,2023-01-01T13:00:00Z,1,17,38.21520436,Fog,2025-06-18 21:25:58.892,2025-06-18 21:20:26.000,False
0,2023-01-04T05:00:00Z,1,20,51.19960535,Fog,2025-06-18 21:25:58.888,2025-06-18 21:20:30.000,False
0,2023-01-05T23:00:00Z,3,18,49.63023634,Clear,2025-06-18 21:25:59.837,2025-06-18 21:20:33.000,False
0,2023-01-03T06:00:00Z,3,23,43.83051856,Fog,2025-06-18 21:26:01.266,2025-06-18 21:20:29.000,False
0,2023-01-27T08:00:00Z,3,23,48.88805498,Rain,2025-06-18 21:26:00.905,2025-06-18 21:20:36.000,False
0,2023-01-01T11:00:00Z,4,23,36.59175058,Snow,2025-06-18 21:25:58.441,2025-06-18 21:20:26.000,False
0,2023-01-01T20:00:00Z,2,19,55.40659032,Rain,2025-06-18 21:25:59.944,2025-06-18 21:20:26.000,False
0,2023-01-11T12:00:00Z,1,25,43.91263953,Clear,2025-06-18 21:26:01.019,2025-06-18 21:20:26.000,False
0,2023-01-23T00:00:00Z,3,33,42.28521651,Fog,2025-06-18 21:25:59.848,2025-06-18 21:20:29.000,False
0,2023-01-12T11:00:00Z,4,15,41.75348415,Rain,2025-06-18 21:26:01.066,2025-06-18 21:20:28.000,False
0,2023-01-16T18:00:00Z,3,25,44.6353138,Clear,2025-06-18 21:26:00.957,2025-06-18 21:20:34.000,False
0,2023-01-03T02:00:00Z,1,24,45.0924177,Clear,2025-06-18 21:26:01.078,2025-06-18 21:20:28.000,False
0,2023-01-04T09:00:00Z,4,16,47.99386913,Rain,2025-06-18 21:26:01.138,2025-06-18 21:20:30.000,False
1,2023-01-07T20:00:00Z,4,20,31.94145448,Fog,2025-06-18 21:25:58.306,2025-06-18 21:20:36.000,False
0,2023-01-02T00:00:00Z,4,22,43.68352849,Snow,2025-06-18 21:25:59.442,2025-06-18 21:20:26.000,False
0,2023-01-17T05:00:00Z,1,16,57.31668109,Fog,2025-06-18 21:25:58.978,2025-06-18 21:20:35.000,False
0,2023-01-15T09:00:00Z,2,21,41.97250723,Clear,2025-06-18 21:26:00.890,2025-06-18 21:20:32.000,False
0,2023-01-06T09:00:00Z,2,19,37.35028204,Clear,2025-06-18 21:25:59.052,2025-06-18 21:20:34.000,False
0,2023-01-23T23:00:00Z,2,19,42.6676428,Clear,2025-06-18 21:26:00.506,2025-06-18 21:20:30.000,False
0,2023-01-21T05:00:00Z,3,22,48.63473679,Snow,2025-06-18 21:26:00.398,2025-06-18 21:20:26.000,False
0,2023-01-09T01:00:00Z,3,29,41.36030388,Clear,2025-06-18 21:25:59.033,2025-06-18 21:20:38.000,False
0,2023-01-13T00:00:00Z,2,16,48.12464423,Fog,2025-06-18 21:25:59.090,2025-06-18 21:20:28.000,False
0,2023-01-11T09:00:00Z,5,17,52.35237393,Fog,2025-06-18 21:25:59.401,2025-06-18 21:20:26.000,False
0,2023-01-06T00:00:00Z,5,31,45.59890581,Clear,2025-06-18 21:26:00.827,2025-06-18 21:20:33.000,False
0,2023-01-25T01:00:00Z,4,21,51.23865449,Snow,2025-06-18 21:25:59.098,2025-06-18 21:20:32.000,False
0,2023-01-11T01:00:00Z,5,23,38.21819199,Rain,2025-06-18 21:25:59.772,2025-06-18 21:20:25.000,False
0,2023-01-16T14:00:00Z,5,21,49.84479307,Rain,2025-06-18 21:26:01.146,2025-06-18 21:20:34.000,False
0,2023-01-04T04:00:00Z,1,21,42.26405473,Fog,2025-06-18 21:26:00.285,2025-06-18 21:20:30.000,False
0,2023-01-05T11:00:00Z,1,24,44.36843246,Snow,2025-06-18 21:25:59.990,2025-06-18 21:20:32.000,False
1,2023-01-25T13:00:00Z,5,21,37.50389626,Snow,2025-06-18 21:25:58.246,2025-06-18 21:20:33.000,False
0,2023-01-06T17:00:00Z,2,21,42.29703018,Fog,2025-06-18 21:25:58.473,2025-06-18 21:20:34.000,False
0,2023-01-14T07:00:00Z,4,19,41.67732997,Snow,2025-06-18 21:25:59.409,2025-06-18 21:20:30.000,False
0,2023-01-19T21:00:00Z,4,21,35.71503486,Rain,2025-06-18 21:25:58.981,2025-06-18 21:20:39.000,False
0,2023-01-13T14:00:00Z,3,13,36.50224602,Snow,2025-06-18 21:25:58.513,2025-06-18 21:20:29.000,False
0,2023-01-15T23:00:00Z,1,21,44.88533298,Fog,2025-06-18 21:26:00.459,2025-06-18 21:20:33.000,False
0,2023-01-24T06:00:00Z,2,16,45.68393682,Rain,2025-06-18 21:25:58.699,2025-06-18 21:20:31.000,False
0,2023-01-01T09:00:00Z,5,21,48.56829637,Rain,2025-06-18 21:25:58.511,2025-06-18 21:20:25.000,False
0,2023-01-20T21:00:00Z,3,22,44.30921182,Fog,2025-06-18 21:26:00.751,2025-06-18 21:20:26.000,False
0,2023-01-27T14:00:00Z,5,23,43.44764187,Clear,2025-06-18 21:26:00.829,2025-06-18 21:20:36.000,False
0,2023-01-19T16:00:00Z,4,16,40.43233871,Rain,2025-06-18 21:26:00.542,2025-06-18 21:20:39.000,False
0,2023-01-07T14:00:00Z,5,20,52.25864534,Snow,2025-06-18 21:25:59.530,2025-06-18 21:20:36.000,False
0,2023-01-07T22:00:00Z,1,20,53.33435041,Rain,2025-06-18 21:25:59.221,2025-06-18 21:20:36.000,False
1,2023-01-07T16:00:00Z,4,26,48.69984611,Rain,2025-06-18 21:25:58.288,2025-06-18 21:20:36.000,False
0,2023-01-07T07:00:00Z,2,27,42.52387432,Rain,2025-06-18 21:26:01.279,2025-06-18 21:20:35.000,False
0,2023-01-29T09:00:00Z,3,13,54.66815646,Snow,2025-06-18 21:26:00.176,2025-06-18 21:20:39.000,False
0,2023-01-10T11:00:00Z,2,17,54.22682734,Snow,2025-06-18 21:26:00.357,2025-06-18 21:20:40.000,False
0,2023-01-07T05:00:00Z,4,18,45.00335695,Rain,2025-06-18 21:26:01.322,2025-06-18 21:20:35.000,False
0,2023-01-04T08:00:00Z,3,19,49.18326578,Rain,2025-06-18 21:25:59.765,2025-06-18 21:20:30.000,False
0,2023-01-09T20:00:00Z,4,24,39.09772079,Clear,2025-06-18 21:25:59.961,2025-06-18 21:20:39.000,False
0,2023-01-27T19:00:00Z,4,21,46.89162097,Rain,2025-06-18 21:25:59.193,2025-06-18 21:20:37.000,False
0,2023-01-05T20:00:00Z,5,16,42.46366939,Fog,2025-06-18 21:26:01.386,2025-06-18 21:20:33.000,False
0,2023-01-12T10:00:00Z,1,21,42.83470304,Rain,2025-06-18 21:25:59.702,2025-06-18 21:20:28.000,False
0,2023-01-24T01:00:00Z,1,21,42.07772528,Rain,2025-06-18 21:26:00.239,2025-06-18 21:20:31.000,False
0,2023-01-19T13:00:00Z,4,18,50.97719166,Snow,2025-06-18 21:25:59.364,2025-06-18 21:20:39.000,False
0,2023-01-22T19:00:00Z,2,12,44.3335699,Rain,2025-06-18 21:25:58.910,2025-06-18 21:20:29.000,False
0,2023-01-13T04:00:00Z,1,18,43.95414062,Fog,2025-06-18 21:25:58.908,2025-06-18 21:20:29.000,False
1,2023-01-10T16:00:00Z,1,11,41.8621475,Fog,2025-06-18 21:25:58.488,2025-06-18 21:20:41.000,False
0,2023-01-20T08:00:00Z,1,20,49.20921824,Rain,2025-06-18 21:25:59.834,2025-06-18 21:20:40.000,False
0,2023-01-13T12:00:00Z,2,18,48.81286061,Clear,2025-06-18 21:25:58.448,2025-06-18 21:20:29.000,False
0,2023-01-28T15:00:00Z,2,23,47.40564717,Rain,2025-06-18 21:26:01.155,2025-06-18 21:20:38.000,False
0,2023-01-08T10:00:00Z,5,23,40.905267,Clear,2025-06-18 21:26:01.133,2025-06-18 21:20:37.000,False
0,2023-01-07T21:00:00Z,5,21,52.07810088,Fog,2025-06-18 21:26:00.619,2025-06-18 21:20:36.000,False
0,2023-01-28T04:00:00Z,3,20,43.95550598,Clear,2025-06-18 21:26:00.037,2025-06-18 21:20:37.000,False
0,2023-01-27T12:00:00Z,5,24,47.33317066,Fog,2025-06-18 21:26:00.748,2025-06-18 21:20:36.000,False
0,2023-01-21T01:00:00Z,5,22,46.39017349,Clear,2025-06-18 21:26:00.570,2025-06-18 21:20:26.000,False
0,2023-01-10T00:00:00Z,1,20,45.19565156,Clear,2025-06-18 21:25:59.436,2025-06-18 21:20:40.000,False
0,2023-01-14T03:00:00Z,1,17,57.31129755,Snow,2025-06-18 21:25:59.593,2025-06-18 21:20:30.000,False
0,2023-01-23T06:00:00Z,1,21,51.89691723,Snow,2025-06-18 21:25:59.776,2025-06-18 21:20:29.000,False
0,2023-01-03T13:00:00Z,1,18,44.02149847,Clear,2025-06-18 21:25:59.554,2025-06-18 21:20:29.000,False
0,2023-01-14T15:00:00Z,4,16,52.69571323,Fog,2025-06-18 21:25:59.057,2025-06-18 21:20:31.000,False
0,2023-01-28T02:00:00Z,2,18,39.31546764,Clear,2025-06-18 21:26:00.327,2025-06-18 21:20:37.000,False
0,2023-01-02T03:00:00Z,1,21,43.37084095,Snow,2025-06-18 21:26:00.675,2025-06-18 21:20:27.000,False
0,2023-01-25T16:00:00Z,4,20,46.42794137,Rain,2025-06-18 21:25:59.865,2025-06-18 21:20:33.000,False
0,2023-01-24T20:00:00Z,4,15,45.26226474,Fog,2025-06-18 21:26:00.723,2025-06-18 21:20:32.000,False
0,2023-01-24T19:00:00Z,5,20,44.77531492,Rain,2025-06-18 21:25:59.569,2025-06-18 21:20:32.000,False
0,2023-01-09T04:00:00Z,1,20,49.53089251,Snow,2025-06-18 21:26:00.664,2025-06-18 21:20:38.000,False
0,2023-01-16T09:00:00Z,4,18,35.08155611,Rain,2025-06-18 21:25:59.873,2025-06-18 21:20:34.000,False
0,2023-01-20T19:00:00Z,1,25,45.54228442,Clear,2025-06-18 21:26:01.011,2025-06-18 21:20:25.000,False
0,2023-01-25T09:00:00Z,1,18,41.88920397,Snow,2025-06-18 21:25:58.739,2025-06-18 21:20:33.000,False
0,2023-01-18T11:00:00Z,5,18,38.49148145,Fog,2025-06-18 21:26:00.649,2025-06-18 21:20:37.000,False
0,2023-01-06T04:00:00Z,2,23,41.23108093,Clear,2025-06-18 21:26:01.000,2025-06-18 21:20:33.000,False
0,2023-01-15T16:00:00Z,3,22,51.38118949,Snow,2025-06-18 21:25:59.109,2025-06-18 21:20:33.000,False
0,2023-01-20T20:00:00Z,2,23,49.32486189,Snow,2025-06-18 21:25:59.302,2025-06-18 21:20:25.000,False
0,2023-01-04T18:00:00Z,2,21,45.19215905,Snow,2025-06-18 21:25:59.329,2025-06-18 21:20:31.000,False
0,2023-01-11T19:00:00Z,2,26,48.64902431,Clear,2025-06-18 21:25:58.973,2025-06-18 21:20:27.000,False
0,2023-01-13T03:00:00Z,4,20,47.5568141,Fog,2025-06-18 21:26:00.634,2025-06-18 21:20:29.000,False
0,2023-01-05T08:00:00Z,5,23,40.26913219,Snow,2025-06-18 21:25:58.708,2025-06-18 21:20:32.000,False
0,2023-01-11T17:00:00Z,5,26,37.20628756,Rain,2025-06-18 21:25:59.036,2025-06-18 21:20:26.000,False
0,2023-01-19T07:00:00Z,4,24,41.64649146,Fog,2025-06-18 21:25:59.789,2025-06-18 21:20:38.000,False
0,2023-01-12T05:00:00Z,4,22,44.02686352,Fog,2025-06-18 21:25:58.883,2025-06-18 21:20:27.000,False
0,2023-01-19T08:00:00Z,5,23,43.11362275,Snow,2025-06-18 21:26:00.915,2025-06-18 21:20:38.000,False
0,2023-01-02T16:00:00Z,5,18,47.30672296,Clear,2025-06-18 21:25:58.712,2025-06-18 21:20:28.000,False
0,2023-01-21T19:00:00Z,2,26,58.14220383,Clear,2025-06-18 21:25:59.992,2025-06-18 21:20:27.000,False
0,2023-01-18T05:00:00Z,1,27,39.81666837,Snow,2025-06-18 21:26:00.752,2025-06-18 21:20:37.000,False
0,2023-01-13T20:00:00Z,4,21,40.85374601,Clear,2025-06-18 21:26:01.031,2025-06-18 21:20:30.000,False
0,2023-01-29T14:00:00Z,2,21,45.03414378,Rain,2025-06-18 21:25:58.726,2025-06-18 21:20:39.000,False
0,2023-01-19T17:00:00Z,1,19,46.28445275,Snow,2025-06-18 21:25:59.167,2025-06-18 21:20:39.000,False
0,2023-01-29T04:00:00Z,5,14,47.05148165,Clear,2025-06-18 21:25:58.984,2025-06-18 21:20:39.000,False
0,2023-01-20T01:00:00Z,1,20,44.05387008,Rain,2025-06-18 21:25:58.811,2025-06-18 21:20:40.000,False
0,2023-01-03T17:00:00Z,1,16,49.12847767,Snow,2025-06-18 21:25:59.058,2025-06-18 21:20:29.000,False
0,2023-01-08T13:00:00Z,2,24,35.96965127,Fog,2025-06-18 21:25:59.914,2025-06-18 21:20:37.000,False
0,2023-01-22T14:00:00Z,4,23,38.28771585,Snow,2025-06-18 21:26:00.451,2025-06-18 21:20:28.000,False
0,2023-01-05T03:00:00Z,5,21,41.3766732,Snow,2025-06-18 21:26:00.358,2025-06-18 21:20:32.000,False
0,2023-01-12T18:00:00Z,4,21,47.87420142,Clear,2025-06-18 21:25:59.540,2025-06-18 21:20:28.000,False
0,2023-01-15T11:00:00Z,1,28,42.33052962,Fog,2025-06-18 21:26:00.997,2025-06-18 21:20:32.000,False
0,2023-01-28T23:00:00Z,2,22,46.13686331,Snow,2025-06-18 21:26:00.796,2025-06-18 21:20:38.000,False
0,2023-01-20T13:00:00Z,3,21,37.37475747,Fog,2025-06-18 21:26:01.110,2025-06-18 21:20:25.000,False
0,2023-01-15T19:00:00Z,2,21,51.90264136,Snow,2025-06-18 21:26:00.684,2025-06-18 21:20:33.000,False
0,2023-01-07T15:00:00Z,2,22,40.47255968,Fog,2025-06-18 21:26:00.878,2025-06-18 21:20:36.000,False
0,2023-01-10T08:00:00Z,2,20,43.06214711,Rain,2025-06-18 21:25:59.094,2025-06-18 21:20:40.000,False
0,2023-01-12T07:00:00Z,5,18,47.80049473,Fog,2025-06-18 21:25:58.777,2025-06-18 21:20:27.000,False
0,2023-01-19T15:00:00Z,4,15,35.66798643,Rain,2025-06-18 21:25:59.428,2025-06-18 21:20:39.000,False
0,2023-01-15T00:00:00Z,2,19,59.51182587,Snow,2025-06-18 21:25:59.837,2025-06-18 21:20:32.000,False
0,2023-01-02T22:00:00Z,4,20,39.46247341,Clear,2025-06-18 21:25:58.816,2025-06-18 21:20:28.000,False
0,2023-01-01T23:00:00Z,4,16,47.67112879,Snow,2025-06-18 21:26:01.228,2025-06-18 21:20:26.000,False
0,2023-01-21T02:00:00Z,1,21,49.93220826,Rain,2025-06-18 21:25:59.211,2025-06-18 21:20:26.000,False
0,2023-01-01T17:00:00Z,2,19,36.70633235,Rain,2025-06-18 21:26:01.119,2025-06-18 21:20:26.000,False
0,2023-01-02T10:00:00Z,5,16,34.41125623,Rain,2025-06-18 21:25:58.971,2025-06-18 21:20:27.000,False
0,2023-01-09T21:00:00Z,5,18,51.24301492,Clear,2025-06-18 21:26:01.388,2025-06-18 21:20:39.000,False
0,2023-01-11T04:00:00Z,5,25,35.17035753,Snow,2025-06-18 21:26:01.393,2025-06-18 21:20:26.000,False
0,2023-01-27T01:00:00Z,1,26,45.89670366,Clear,2025-06-18 21:25:59.815,2025-06-18 21:20:35.000,False
0,2023-01-07T11:00:00Z,1,16,48.54805344,Rain,2025-06-18 21:26:00.709,2025-06-18 21:20:35.000,False
0,2023-01-26T06:00:00Z,4,15,36.6760714,Snow,2025-06-18 21:25:59.411,2025-06-18 21:20:34.000,False
0,2023-01-21T22:00:00Z,1,17,46.10652561,Clear,2025-06-18 21:26:01.170,2025-06-18 21:20:27.000,False
0,2023-01-10T23:00:00Z,4,17,43.73878309,Fog,2025-06-18 21:26:00.190,2025-06-18 21:20:25.000,False
0,2023-01-12T03:00:00Z,1,12,49.36120587,Snow,2025-06-18 21:25:58.477,2025-06-18 21:20:27.000,False
0,2023-01-18T21:00:00Z,4,18,46.89898867,Snow,2025-06-18 21:26:00.050,2025-06-18 21:20:38.000,False
0,2023-01-29T03:00:00Z,1,20,49.02930442,Fog,2025-06-18 21:26:00.608,2025-06-18 21:20:39.000,False
0,2023-01-03T05:00:00Z,3,18,37.17154108,Snow,2025-06-18 21:25:59.887,2025-06-18 21:20:28.000,False
0,2023-01-04T20:00:00Z,4,25,47.4874561,Fog,2025-06-18 21:25:59.610,2025-06-18 21:20:31.000,False
0,2023-01-16T03:00:00Z,3,23,35.07482316,Rain,2025-06-18 21:26:00.294,2025-06-18 21:20:33.000,False
0,2023-01-01T13:00:00Z,1,17,38.21520436,Fog,2025-06-18 21:25:58.892,2025-06-18 21:20:26.000,False
0,2023-01-03T11:00:00Z,4,30,42.37305695,Rain,2025-06-18 21:25:59.293,2025-06-18 21:20:29.000,False
0,2023-01-06T05:00:00Z,4,19,54.23734458,Snow,2025-06-18 21:25:59.561,2025-06-18 21:20:33.000,False
0,2023-01-09T02:00:00Z,2,16,47.44086177,Clear,2025-06-18 21:26:00.453,2025-06-18 21:20:38.000,False
0,2023-01-14T01:00:00Z,4,25,49.68280433,Snow,2025-06-18 21:25:59.488,2025-06-18 21:20:30.000,False
0,2023-01-13T13:00:00Z,4,25,45.49324542,Clear,2025-06-18 21:26:00.016,2025-06-18 21:20:29.000,False
0,2023-01-19T18:00:00Z,2,18,42.83036725,Clear,2025-06-18 21:26:00.618,2025-06-18 21:20:39.000,False
0,2023-01-22T08:00:00Z,1,25,45.50211223,Rain,2025-06-18 21:26:00.522,2025-06-18 21:20:28.000,False
0,2023-01-21T14:00:00Z,3,12,41.92872197,Clear,2025-06-18 21:25:58.487,2025-06-18 21:20:27.000,False
0,2023-01-29T07:00:00Z,4,25,39.05639913,Fog,2025-06-18 21:26:00.416,2025-06-18 21:20:39.000,False
0,2023-01-22T18:00:00Z,4,18,41.67073089,Fog,2025-06-18 21:26:00.279,2025-06-18 21:20:29.000,False
0,2023-01-24T17:00:00Z,4,22,42.44005275,Clear,2025-06-18 21:25:59.461,2025-06-18 21:20:32.000,False
0,2023-01-12T15:00:00Z,3,18,49.15130715,Snow,2025-06-18 21:26:01.162,2025-06-18 21:20:28.000,False
0,2023-01-06T10:00:00Z,1,13,53.72709358,Snow,2025-06-18 21:26:00.397,2025-06-18 21:20:34.000,False
0,2023-01-12T13:00:00Z,4,17,42.89082513,Fog,2025-06-18 21:26:01.073,2025-06-18 21:20:28.000,False
0,2023-01-07T19:00:00Z,5,21,47.68680428,Clear,2025-06-18 21:26:00.354,2025-06-18 21:20:36.000,False
1,2023-01-15T02:00:00Z,1,16,45.8036627,Fog,2025-06-18 21:25:58.311,2025-06-18 21:20:32.000,False
0,2023-01-06T13:00:00Z,3,23,42.76996617,Snow,2025-06-18 21:25:59.203,2025-06-18 21:20:34.000,False
0,2023-01-05T05:00:00Z,4,16,41.63337504,Rain,2025-06-18 21:26:00.610,2025-06-18 21:20:32.000,False
0,2023-01-11T21:00:00Z,3,17,44.83614283,Rain,2025-06-18 21:25:59.218,2025-06-18 21:20:27.000,False
0,2023-01-17T09:00:00Z,4,16,40.47137415,Snow,2025-06-18 21:25:58.868,2025-06-18 21:20:35.000,False
0,2023-01-02T18:00:00Z,5,20,40.50903723,Clear,2025-06-18 21:25:58.473,2025-06-18 21:20:28.000,False
0,2023-01-02T20:00:00Z,3,36,41.40498217,Snow,2025-06-18 21:25:58.872,2025-06-18 21:20:28.000,False
0,2023-01-16T04:00:00Z,5,19,53.16819685,Fog,2025-06-18 21:25:58.445,2025-06-18 21:20:33.000,False
0,2023-01-06T08:00:00Z,1,24,51.69126567,Snow,2025-06-18 21:26:00.485,2025-06-18 21:20:34.000,False
0,2023-01-11T22:00:00Z,4,24,45.48217493,Snow,2025-06-18 21:26:00.607,2025-06-18 21:20:27.000,False
0,2023-01-13T10:00:00Z,4,17,46.69453659,Fog,2025-06-18 21:25:58.889,2025-06-18 21:20:29.000,False
1,2023-01-18T02:00:00Z,4,20,42.30473555,Clear,2025-06-18 21:25:58.320,2025-06-18 21:20:36.000,False
0,2023-01-11T10:00:00Z,5,15,52.38316794,Rain,2025-06-18 21:26:00.774,2025-06-18 21:20:26.000,False
0,2023-01-10T06:00:00Z,5,17,38.8993276,Snow,2025-06-18 21:25:59.535,2025-06-18 21:20:40.000,False
0,2023-01-01T06:00:00Z,2,29,41.06976698,Clear,2025-06-18 21:26:00.551,2025-06-18 21:20:25.000,False
0,2023-01-26T03:00:00Z,2,10,40.10831946,Fog,2025-06-18 21:26:00.938,2025-06-18 21:20:34.000,False
0,2023-01-23T19:00:00Z,5,8,44.56814129,Clear,2025-06-18 21:26:00.686,2025-06-18 21:20:30.000,False
0,2023-01-04T14:00:00Z,4,23,43.96915522,Snow,2025-06-18 21:25:59.897,2025-06-18 21:20:31.000,False
0,2023-01-26T00:00:00Z,1,22,37.01544394,Fog,2025-06-18 21:25:59.500,2025-06-18 21:20:34.000,False
0,2023-01-26T09:00:00Z,4,28,48.47087977,Snow,2025-06-18 21:26:00.503,2025-06-18 21:20:34.000,False
0,2023-01-20T14:00:00Z,1,22,43.44059464,Fog,2025-06-18 21:25:59.736,2025-06-18 21:20:25.000,False
0,2023-01-11T11:00:00Z,4,23,45.6342001,Clear,2025-06-18 21:25:59.308,2025-06-18 21:20:26.000,False
0,2023-01-24T23:00:00Z,1,21,44.35804255,Clear,2025-06-18 21:25:59.366,2025-06-18 21:20:32.000,False
0,2023-01-14T05:00:00Z,3,16,50.07864438,Fog,2025-06-18 21:25:59.333,2025-06-18 21:20:30.000,False
0,2023-01-23T05:00:00Z,2,18,47.0581969,Snow,2025-06-18 21:26:01.118,2025-06-18 21:20:29.000,False
0,2023-01-15T07:00:00Z,1,19,34.3060338,Rain,2025-06-18 21:26:01.167,2025-06-18 21:20:32.000,False
0,2023-01-07T23:00:00Z,4,17,39.36372014,Snow,2025-06-18 21:26:00.515,2025-06-18 21:20:36.000,False
0,2023-01-12T16:00:00Z,3,14,41.01309344,Fog,2025-06-18 21:25:59.451,2025-06-18 21:20:28.000,False
1,2023-01-07T18:00:00Z,3,21,51.79891041,Fog,2025-06-18 21:25:58.252,2025-06-18 21:20:36.000,False
0,2023-01-05T21:00:00Z,4,19,60.60770438,Fog,2025-06-18 21:25:59.906,2025-06-18 21:20:33.000,False
0,2023-01-22T09:00:00Z,5,17,47.90153032,Clear,2025-06-18 21:25:59.180,2025-06-18 21:20:28.000,False
0,2023-01-29T01:00:00Z,3,21,43.27150786,Fog,2025-06-18 21:26:00.514,2025-06-18 21:20:39.000,False
0,2023-01-22T10:00:00Z,5,17,42.32458694,Rain,2025-06-18 21:26:00.634,2025-06-18 21:20:28.000,False
0,2023-01-29T16:00:00Z,3,15,49.12931735,Clear,2025-06-18 21:26:01.295,2025-06-18 21:20:40.000,False
0,2023-01-24T15:00:00Z,4,25,40.53660502,Fog,2025-06-18 21:25:59.821,2025-06-18 21:20:32.000,False
0,2023-01-19T12:00:00Z,4,23,48.64969579,Fog,2025-06-18 21:26:00.715,2025-06-18 21:20:39.000,False
0,2023-01-25T19:00:00Z,5,16,33.63954503,Clear,2025-06-18 21:26:01.299,2025-06-18 21:20:33.000,False
0,2023-01-27T16:00:00Z,1,20,46.20878158,Fog,2025-06-18 21:26:00.558,2025-06-18 21:20:36.000,False
0,2023-01-20T23:00:00Z,3,14,52.78569648,Clear,2025-06-18 21:26:00.834,2025-06-18 21:20:26.000,False
0,2023-01-25T17:00:00Z,3,17,43.89181594,Clear,2025-06-18 21:26:01.199,2025-06-18 21:20:33.000,False
0,2023-01-03T14:00:00Z,2,22,47.16890176,Snow,2025-06-18 21:26:00.896,2025-06-18 21:20:29.000,False
0,2023-01-15T17:00:00Z,4,8,51.9920107,Clear,2025-06-18 21:26:00.569,2025-06-18 21:20:33.000,False
0,2023-01-05T14:00:00Z,1,15,36.86304308,Fog,2025-06-18 21:25:58.807,2025-06-18 21:20:32.000,False
0,2023-01-25T02:00:00Z,1,23,42.4725658,Clear,2025-06-18 21:26:00.649,2025-06-18 21:20:32.000,False
0,2023-01-14T06:00:00Z,1,18,42.07692128,Clear,2025-06-18 21:26:00.779,2025-06-18 21:20:30.000,False
0,2023-01-04T12:00:00Z,1,19,56.35938668,Snow,2025-06-18 21:25:59.955,2025-06-18 21:20:31.000,False
0,2023-01-28T21:00:00Z,2,17,52.02629087,Rain,2025-06-18 21:26:00.706,2025-06-18 21:20:38.000,False
0,2023-01-11T23:00:00Z,3,17,49.31613221,Rain,2025-06-18 21:25:59.142,2025-06-18 21:20:27.000,False
0,2023-01-25T03:00:00Z,3,22,47.85399759,Fog,2025-06-18 21:25:59.179,2025-06-18 21:20:32.000,False
0,2023-01-02T13:00:00Z,3,14,47.86198903,Rain,2025-06-18 21:26:00.609,2025-06-18 21:20:27.000,False
0,2023-01-12T02:00:00Z,4,18,43.48082281,Rain,2025-06-18 21:26:00.070,2025-06-18 21:20:27.000,False
0,2023-01-20T04:00:00Z,2,17,45.58466225,Rain,2025-06-18 21:26:00.001,2025-06-18 21:20:40.000,False
0,2023-01-19T04:00:00Z,5,19,47.82439205,Fog,2025-06-18 21:26:01.055,2025-06-18 21:20:38.000,False
1,2023-01-25T08:00:00Z,3,18,51.93431335,Clear,2025-06-18 21:25:58.290,2025-06-18 21:20:33.000,False
0,2023-01-01T08:00:00Z,3,16,45.59383756,Fog,2025-06-18 21:26:00.095,2025-06-18 21:20:25.000,False
0,2023-01-25T15:00:00Z,2,21,43.79409608,Clear,2025-06-18 21:25:58.507,2025-06-18 21:20:33.000,False
0,2023-01-07T10:00:00Z,5,23,44.73044525,Clear,2025-06-18 21:25:59.351,2025-06-18 21:20:35.000,False
0,2023-01-20T17:00:00Z,1,12,51.25790996,Snow,2025-06-18 21:26:00.911,2025-06-18 21:20:25.000,False
0,2023-01-04T00:00:00Z,3,24,45.28183402,Fog,2025-06-18 21:26:00.105,2025-06-18 21:20:30.000,False
0,2023-01-11T05:00:00Z,2,16,47.65750335,Clear,2025-06-18 21:25:59.949,2025-06-18 21:20:26.000,False
0,2023-01-27T05:00:00Z,5,25,46.78027254,Rain,2025-06-18 21:25:59.639,2025-06-18 21:20:36.000,False
0,2023-01-15T06:00:00Z,4,19,40.7399943,Rain,2025-06-18 21:25:59.728,2025-06-18 21:20:32.000,False
0,2023-01-08T03:00:00Z,5,16,49.57706283,Rain,2025-06-18 21:25:59.999,2025-06-18 21:20:37.000,False
0,2023-01-05T13:00:00Z,4,15,39.59262114,Snow,2025-06-18 21:26:00.248,2025-06-18 21:20:32.000,False
0,2023-01-18T19:00:00Z,1,20,41.40047873,Rain,2025-06-18 21:26:00.297,2025-06-18 21:20:38.000,False
0,2023-01-22T13:00:00Z,1,16,51.64541532,Rain,2025-06-18 21:25:58.991,2025-06-18 21:20:28.000,False
0,2023-01-17T07:00:00Z,3,18,49.62422374,Snow,2025-06-18 21:25:59.104,2025-06-18 21:20:35.000,False
0,2023-01-23T04:00:00Z,4,23,49.36465774,Clear,2025-06-18 21:25:59.695,2025-06-18 21:20:29.000,False
0,2023-01-02T14:00:00Z,1,16,43.64716241,Snow,2025-06-18 21:25:59.146,2025-06-18 21:20:27.000,False
0,2023-01-18T20:00:00Z,2,23,45.95385429,Snow,2025-06-18 21:25:58.469,2025-06-18 21:20:38.000,False
0,2023-01-29T12:00:00Z,3,18,40.34532534,Clear,2025-06-18 21:25:58.521,2025-06-18 21:20:39.000,False
0,2023-01-28T14:00:00Z,5,17,46.77164938,Clear,2025-06-18 21:25:59.774,2025-06-18 21:20:38.000,False
0,2023-01-23T22:00:00Z,1,23,42.73212037,Clear,2025-06-18 21:25:59.038,2025-06-18 21:20:30.000,False
0,2023-01-09T10:00:00Z,3,15,51.17786135,Clear,2025-06-18 21:26:00.072,2025-06-18 21:20:39.000,False
0,2023-01-17T11:00:00Z,1,24,44.97613675,Rain,2025-06-18 21:25:58.873,2025-06-18 21:20:35.000,False
0,2023-01-29T20:00:00Z,3,23,42.56106859,Rain,2025-06-18 21:26:01.091,2025-06-18 21:20:40.000,False
0,2023-01-10T14:00:00Z,3,27,43.99821981,Fog,2025-06-18 21:25:59.175,2025-06-18 21:20:41.000,False
0,2023-01-24T11:00:00Z,2,12,35.38910639,Snow,2025-06-18 21:25:59.966,2025-06-18 21:20:31.000,False
0,2023-01-23T10:00:00Z,2,23,50.6847401,Clear,2025-06-18 21:25:59.579,2025-06-18 21:20:30.000,False
0,2023-01-16T12:00:00Z,5,20,52.60909659,Clear,2025-06-18 21:26:01.051,2025-06-18 21:20:34.000,False
0,2023-01-14T11:00:00Z,5,16,40.20341847,Fog,2025-06-18 21:25:59.239,2025-06-18 21:20:31.000,False
0,2023-01-21T17:00:00Z,1,19,48.98046821,Snow,2025-06-18 21:25:59.880,2025-06-18 21:20:27.000,False
0,2023-01-15T21:00:00Z,3,15,39.99200412,Clear,2025-06-18 21:26:00.391,2025-06-18 21:20:33.000,False
0,2023-01-05T12:00:00Z,1,22,47.73007509,Fog,2025-06-18 21:25:58.873,2025-06-18 21:20:32.000,False
0,2023-01-09T15:00:00Z,2,15,38.43327896,Rain,2025-06-18 21:25:58.793,2025-06-18 21:20:39.000,False
0,2023-01-06T18:00:00Z,2,21,51.41630128,Rain,2025-06-18 21:26:00.044,2025-06-18 21:20:34.000,False
0,2023-01-17T04:00:00Z,3,14,40.38729487,Snow,2025-06-18 21:26:00.384,2025-06-18 21:20:35.000,False
0,2023-01-26T15:00:00Z,2,18,42.44404421,Clear,2025-06-18 21:26:00.402,2025-06-18 21:20:35.000,False
0,2023-01-18T10:00:00Z,2,19,42.52397561,Rain,2025-06-18 21:25:59.196,2025-06-18 21:20:37.000,False
0,2023-01-25T14:00:00Z,2,24,42.94403628,Clear,2025-06-18 21:26:00.100,2025-06-18 21:20:33.000,False
0,2023-01-19T14:00:00Z,4,28,36.42903414,Fog,2025-06-18 21:26:00.793,2025-06-18 21:20:39.000,False
0,2023-01-05T15:00:00Z,4,18,49.40194835,Fog,2025-06-18 21:26:00.177,2025-06-18 21:20:32.000,False
0,2023-01-21T08:00:00Z,5,15,42.82100263,Clear,2025-06-18 21:25:58.768,2025-06-18 21:20:26.000,False
0,2023-01-04T03:00:00Z,4,12,44.23884125,Rain,2025-06-18 21:25:58.460,2025-06-18 21:20:30.000,False
0,2023-01-04T10:00:00Z,4,23,41.57774523,Fog,2025-06-18 21:25:59.680,2025-06-18 21:20:30.000,False
0,2023-01-29T11:00:00Z,3,28,48.19052955,Fog,2025-06-18 21:26:00.258,2025-06-18 21:20:39.000,False
0,2023-01-27T07:00:00Z,2,29,37.31773046,Fog,2025-06-18 21:25:59.745,2025-06-18 21:20:36.000,False
0,2023-01-10T15:00:00Z,1,23,43.56784143,Clear,2025-06-18 21:26:00.529,2025-06-18 21:20:41.000,False
0,2023-01-03T15:00:00Z,1,17,37.99292618,Fog,2025-06-18 21:25:59.488,2025-06-18 21:20:29.000,False
0,2023-01-13T05:00:00Z,4,25,47.26822872,Clear,2025-06-18 21:26:00.448,2025-06-18 21:20:29.000,False
0,2023-01-19T19:00:00Z,1,15,53.39376983,Fog,2025-06-18 21:25:59.265,2025-06-18 21:20:39.000,False
0,2023-01-23T16:00:00Z,5,15,46.06450512,Fog,2025-06-18 21:25:59.133,2025-06-18 21:20:30.000,False
0,2023-01-29T06:00:00Z,1,22,47.4880724,Snow,2025-06-18 21:25:59.074,2025-06-18 21:20:39.000,False
0,2023-01-04T22:00:00Z,4,24,47.66521949,Clear,2025-06-18 21:25:59.500,2025-06-18 21:20:31.000,False
0,2023-01-04T21:00:00Z,2,11,36.60461174,Fog,2025-06-18 21:26:00.950,2025-06-18 21:20:31.000,False
1,2023-01-01T04:00:00Z,2,24,43.52751327,Rain,2025-06-18 21:25:58.274,2025-06-18 21:20:25.000,False
0,2023-01-12T08:00:00Z,2,18,47.20301287,Fog,2025-06-18 21:25:59.806,2025-06-18 21:20:27.000,False
0,2023-01-12T17:00:00Z,4,23,54.62279738,Fog,2025-06-18 21:26:00.897,2025-06-18 21:20:28.000,False
0,2023-01-23T14:00:00Z,1,15,43.89630188,Snow,2025-06-18 21:25:59.442,2025-06-18 21:20:30.000,False
0,2023-01-16T15:00:00Z,2,27,48.38160268,Rain,2025-06-18 21:25:59.762,2025-06-18 21:20:34.000,False
0,2023-01-22T04:00:00Z,5,19,45.66321158,Snow,2025-06-18 21:26:00.717,2025-06-18 21:20:28.000,False
0,2023-01-03T23:00:00Z,3,19,39.35701848,Snow,2025-06-18 21:25:59.118,2025-06-18 21:20:30.000,False
0,2023-01-29T18:00:00Z,5,16,51.33638653,Snow,2025-06-18 21:26:01.388,2025-06-18 21:20:40.000,False
0,2023-01-16T20:00:00Z,2,18,39.94190491,Snow,2025-06-18 21:26:00.758,2025-06-18 21:20:34.000,False
0,2023-01-09T00:00:00Z,3,15,41.61470418,Clear,2025-06-18 21:26:00.485,2025-06-18 21:20:38.000,False
0,2023-01-27T16:00:00Z,1,20,46.20878158,Fog,2025-06-18 21:26:00.558,2025-06-18 21:20:36.000,False
0,2023-01-17T22:00:00Z,3,26,40.24079155,Snow,2025-06-18 21:25:59.749,2025-06-18 21:20:36.000,False
0,2023-01-06T15:00:00Z,3,13,42.17020906,Snow,2025-06-18 21:25:59.127,2025-06-18 21:20:34.000,False
0,2023-01-09T09:00:00Z,3,18,51.3104681,Fog,2025-06-18 21:25:58.508,2025-06-18 21:20:39.000,False
0,2023-01-02T06:00:00Z,2,19,42.0023881,Rain,2025-06-18 21:25:59.505,2025-06-18 21:20:27.000,False
0,2023-01-25T12:00:00Z,3,25,42.09309513,Clear,2025-06-18 21:26:00.017,2025-06-18 21:20:33.000,False
0,2023-01-08T00:00:00Z,4,25,42.40631752,Fog,2025-06-18 21:25:58.723,2025-06-18 21:20:36.000,False
0,2023-01-13T22:00:00Z,3,20,49.42714847,Clear,2025-06-18 21:26:01.129,2025-06-18 21:20:30.000,False
0,2023-01-17T08:00:00Z,1,26,42.69572397,Fog,2025-06-18 21:26:00.160,2025-06-18 21:20:35.000,False
0,2023-01-18T03:00:00Z,4,19,44.02958592,Snow,2025-06-18 21:26:00.997,2025-06-18 21:20:37.000,False
0,2023-01-21T23:00:00Z,1,16,57.0572109,Fog,2025-06-18 21:25:59.797,2025-06-18 21:20:27.000,False
0,2023-01-09T08:00:00Z,4,21,42.73745981,Clear,2025-06-18 21:26:00.132,2025-06-18 21:20:39.000,False
0,2023-01-21T03:00:00Z,4,14,49.49761629,Fog,2025-06-18 21:26:00.676,2025-06-18 21:20:26.000,False
0,2023-01-23T12:00:00Z,5,23,54.67134532,Fog,2025-06-18 21:25:59.313,2025-06-18 21:20:30.000,False
0,2023-01-18T01:00:00Z,4,21,48.46547164,Fog,2025-06-18 21:26:00.897,2025-06-18 21:20:36.000,False
0,2023-01-14T04:00:00Z,5,20,41.11933247,Snow,2025-06-18 21:26:00.672,2025-06-18 21:20:30.000,False
0,2023-01-21T12:00:00Z,2,15,42.08038409,Rain,2025-06-18 21:25:58.453,2025-06-18 21:20:27.000,False
0,2023-01-04T19:00:00Z,5,23,47.85013268,Fog,2025-06-18 21:26:00.698,2025-06-18 21:20:31.000,False
0,2023-01-08T09:00:00Z,3,20,43.11754142,Rain,2025-06-18 21:25:59.742,2025-06-18 21:20:37.000,False
0,2023-01-17T02:00:00Z,3,18,46.20841178,Fog,2025-06-18 21:26:00.625,2025-06-18 21:20:35.000,False
0,2023-01-08T18:00:00Z,4,23,35.45384873,Rain,2025-06-18 21:26:00.753,2025-06-18 21:20:38.000,False
